"Date","Price","Open","High","Low","Vol.","Change %"
"11/08/2024","21,121.93","21,083.58","21,154.98","21,051.25","324.47M","0.10%"
"11/07/2024","21,101.57","20,896.41","21,132.80","20,896.41","356.37M","1.54%"
"11/06/2024","20,781.33","20,571.29","20,807.03","20,526.64","448.99M","2.74%"
"11/05/2024","20,227.46","20,042.93","20,249.21","20,042.93","255.44M","1.32%"
"11/04/2024","19,963.60","20,011.55","20,106.99","19,898.57","271.03M","-0.35%"
"11/01/2024","20,033.14","19,955.83","20,162.54","19,950.99","323.83M","0.72%"
"10/31/2024","19,890.41","20,227.19","20,227.19","19,880.26","441.83M","-2.44%"
"10/30/2024","20,387.70","20,510.92","20,559.52","20,378.75","370.22M","-0.79%"
"10/29/2024","20,550.65","20,369.08","20,600.10","20,294.58","284.94M","0.98%"
"10/28/2024","20,351.07","20,455.01","20,470.43","20,344.82","233.56M","0.00%"
"10/25/2024","20,352.01","20,354.91","20,552.82","20,322.25","271.01M","0.59%"
"10/24/2024","20,232.87","20,197.62","20,256.38","20,116.88","269.27M","0.83%"
"10/23/2024","20,066.96","20,303.55","20,312.78","19,934.92","282.27M","-1.55%"
"10/22/2024","20,383.65","20,256.97","20,437.93","20,218.85","237.91M","0.11%"
"10/21/2024","20,361.47","20,280.49","20,386.68","20,193.03","244.98M","0.18%"
"10/18/2024","20,324.04","20,288.48","20,360.29","20,273.55","278.22M","0.66%"
"10/17/2024","20,190.42","20,375.29","20,377.65","20,186.43","270.20M","0.08%"
"10/16/2024","20,174.05","20,172.87","20,200.59","20,036.73","254.38M","0.07%"
"10/15/2024","20,159.83","20,442.77","20,484.31","20,083.56","354.77M","-1.37%"
"10/14/2024","20,439.05","20,366.06","20,493.90","20,355.06","237.84M","0.82%"
"10/11/2024","20,271.97","20,154.83","20,313.20","20,142.17","244.30M","0.15%"
"10/10/2024","20,241.76","20,165.25","20,314.24","20,117.20","239.05M","-0.13%"
"10/09/2024","20,268.86","20,097.56","20,284.42","20,047.86","244.15M","0.80%"
"10/08/2024","20,107.78","19,902.21","20,132.67","19,881.08","265.38M","1.55%"
"10/07/2024","19,800.74","19,954.66","19,990.12","19,763.04","285.93M","-1.17%"
"10/04/2024","20,035.02","20,025.16","20,045.69","19,829.49","262.05M","1.22%"
"10/03/2024","19,793.34","19,712.33","19,902.70","19,688.22","243.83M","-0.05%"
"10/02/2024","19,802.58","19,725.95","19,876.70","19,630.91","238.92M","0.15%"
"10/01/2024","19,773.30","20,046.06","20,056.20","19,622.29","323.24M","-1.43%"
"09/30/2024","20,060.69","19,959.26","20,072.42","19,852.85","288.20M","0.26%"
"09/27/2024","20,008.62","20,147.28","20,152.53","19,964.13","272.52M","-0.53%"
"09/26/2024","20,115.54","20,273.30","20,273.30","19,966.99","322.53M","0.72%"
"09/25/2024","19,972.61","19,922.28","20,043.43","19,921.22","265.40M","0.14%"
"09/24/2024","19,944.84","19,917.56","19,984.47","19,739.67","334.82M","0.47%"
"09/23/2024","19,852.20","19,848.71","19,892.78","19,797.82","304.53M","0.31%"
"09/20/2024","19,791.49","19,816.29","19,845.70","19,632.73","1.07B","-0.24%"
"09/19/2024","19,839.83","19,798.71","19,951.79","19,723.94","365.61M","2.56%"
"09/18/2024","19,344.49","19,478.51","19,643.51","19,330.81","295.84M","-0.45%"
"09/17/2024","19,432.40","19,539.75","19,596.34","19,337.12","256.22M","0.05%"
"09/16/2024","19,423.06","19,412.79","19,446.06","19,294.18","248.54M","-0.47%"
"09/13/2024","19,514.58","19,396.10","19,556.80","19,384.69","243.06M","0.47%"
"09/12/2024","19,423.07","19,236.42","19,456.41","19,166.80","307.71M","0.97%"
"09/11/2024","19,237.30","18,866.00","19,266.39","18,531.58","350.56M","2.17%"
"09/10/2024","18,829.14","18,722.15","18,845.74","18,570.67","260.76M","0.90%"
"09/09/2024","18,660.78","18,579.80","18,693.86","18,469.40","301.44M","1.30%"
"09/06/2024","18,421.31","18,903.03","18,930.77","18,400.97","394.22M","-2.69%"
"09/05/2024","18,930.33","18,864.42","19,102.35","18,806.83","280.71M","0.05%"
"09/04/2024","18,921.40","18,832.64","19,070.82","18,808.76","315.64M","-0.20%"
"09/03/2024","18,958.74","19,438.10","19,438.10","18,869.80","416.09M","-3.15%"
"08/30/2024","19,574.64","19,506.27","19,582.17","19,326.62","401.40M","1.29%"
"08/29/2024","19,325.45","19,425.28","19,622.73","19,281.65","308.04M","-0.13%"
"08/28/2024","19,350.78","19,567.45","19,587.04","19,221.48","285.14M","-1.18%"
"08/27/2024","19,581.52","19,450.57","19,617.92","19,369.53","219.96M","0.33%"
"08/26/2024","19,516.44","19,679.24","19,726.90","19,437.34","261.54M","-1.04%"
"08/23/2024","19,720.87","19,669.78","19,818.40","19,526.63","268.78M","1.18%"
"08/22/2024","19,491.83","19,911.28","19,938.89","19,459.86","294.78M","-1.68%"
"08/21/2024","19,824.84","19,758.47","19,885.34","19,690.64","231.85M","0.53%"
"08/20/2024","19,719.82","19,736.35","19,835.38","19,652.18","241.80M","-0.24%"
"08/19/2024","19,766.49","19,521.93","19,767.43","19,445.10","264.45M","1.32%"
"08/16/2024","19,508.52","19,393.73","19,561.24","19,376.72","275.10M","0.09%"
"08/15/2024","19,490.15","19,251.86","19,502.92","19,239.94","355.19M","2.46%"
"08/14/2024","19,022.67","19,043.76","19,103.00","18,837.10","289.28M","0.09%"
"08/13/2024","19,006.43","18,724.84","19,013.01","18,723.74","344.67M","2.50%"
"08/12/2024","18,542.03","18,548.23","18,665.75","18,433.61","259.04M","0.16%"
"08/09/2024","18,513.10","18,373.89","18,567.63","18,313.78","252.15M","0.54%"
"08/08/2024","18,413.82","18,102.04","18,445.41","17,965.07","362.40M","3.06%"
"08/07/2024","17,867.37","18,345.45","18,445.75","17,851.08","368.93M","-1.16%"
"08/06/2024","18,077.92","17,961.45","18,368.68","17,858.82","411.60M","1.02%"
"08/05/2024","17,895.15","17,444.40","18,169.49","17,435.39","595.13M","-2.96%"
"08/02/2024","18,440.85","18,494.24","18,628.78","18,263.50","511.33M","-2.38%"
"08/01/2024","18,890.39","19,375.97","19,538.97","18,737.09","449.77M","-2.44%"
"07/31/2024","19,362.43","19,222.85","19,426.62","19,162.91","445.22M","3.01%"
"07/30/2024","18,796.27","19,129.56","19,165.42","18,667.22","365.92M","-1.38%"
"07/29/2024","19,059.49","19,122.43","19,224.59","18,974.51","248.37M","0.19%"
"07/26/2024","19,023.66","18,990.20","19,142.68","18,899.31","286.95M","1.03%"
"07/25/2024","18,830.58","19,041.15","19,227.20","18,721.71","401.60M","-1.06%"
"07/24/2024","19,032.39","19,475.66","19,482.55","19,005.47","410.87M","-3.65%"
"07/23/2024","19,754.34","19,783.33","19,904.60","19,736.22","246.69M","-0.35%"
"07/22/2024","19,822.87","19,751.02","19,861.72","19,638.37","309.63M","1.54%"
"07/19/2024","19,522.62","19,687.80","19,784.48","19,479.38","365.45M","-0.93%"
"07/18/2024","19,705.09","19,936.24","19,947.98","19,575.79","337.67M","-0.48%"
"07/17/2024","19,799.14","20,041.31","20,080.27","19,793.75","420.20M","-2.94%"
"07/16/2024","20,398.62","20,441.53","20,477.00","20,266.51","240.94M","0.06%"
"07/15/2024","20,386.88","20,401.02","20,585.17","20,304.53","253.32M","0.27%"
"07/12/2024","20,331.49","20,226.23","20,526.08","20,217.99","281.70M","0.59%"
"07/11/2024","20,211.36","20,661.41","20,672.10","20,165.00","365.70M","-2.24%"
"07/10/2024","20,675.38","20,533.27","20,690.97","20,479.94","276.42M","1.09%"
"07/09/2024","20,453.02","20,504.17","20,543.90","20,395.57","255.97M","0.07%"
"07/08/2024","20,439.54","20,393.89","20,455.38","20,363.37","257.94M","0.23%"
"07/05/2024","20,391.97","20,224.13","20,406.99","20,201.50","267.56M","1.02%"
"07/03/2024","20,186.63","19,995.28","20,186.63","19,995.28","207.55M","0.87%"
"07/02/2024","20,011.89","19,746.22","20,014.92","19,741.81","274.48M","1.01%"
"07/01/2024","19,812.22","19,720.11","19,827.75","19,577.53","274.32M","0.66%"
"06/28/2024","19,682.87","19,817.01","20,017.72","19,665.85","543.10M","-0.54%"
"06/27/2024","19,789.03","19,740.51","19,850.81","19,701.34","293.17M","0.19%"
"06/26/2024","19,751.05","19,671.07","19,763.55","19,654.18","298.93M","0.25%"
"06/25/2024","19,701.13","19,555.84","19,712.42","19,523.51","326.87M","1.16%"
"06/24/2024","19,474.62","19,648.23","19,723.20","19,472.53","346.08M","-1.15%"
"06/21/2024","19,700.43","19,722.37","19,801.97","19,643.52","1.21B","-0.26%"
"06/20/2024","19,752.30","19,962.97","19,979.93","19,685.03","408.69M","-0.79%"
"06/18/2024","19,908.86","19,904.43","19,940.50","19,837.86","311.24M","0.03%"
"06/17/2024","19,902.75","19,681.86","19,977.84","19,623.71","318.10M","1.24%"
"06/14/2024","19,659.80","19,557.22","19,664.59","19,534.62","269.33M","0.42%"
"06/13/2024","19,576.92","19,609.05","19,639.45","19,473.71","312.35M","0.57%"
"06/12/2024","19,465.18","19,358.26","19,556.90","19,347.28","342.36M","1.33%"
"06/11/2024","19,210.19","19,031.40","19,212.63","18,966.56","262.84M","0.71%"
"06/10/2024","19,074.67","18,945.31","19,089.83","18,940.71","288.32M","0.39%"
"06/07/2024","19,000.95","18,992.58","19,113.88","18,958.68","198.59M","-0.11%"
"06/06/2024","19,021.19","19,053.01","19,071.79","18,978.86","237.11M","-0.07%"
"06/05/2024","19,035.05","18,791.28","19,035.87","18,768.25","261.89M","2.04%"
"06/04/2024","18,654.84","18,598.00","18,697.95","18,521.85","228.38M","0.29%"
"06/03/2024","18,600.97","18,666.72","18,707.22","18,392.57","239.19M","0.35%"
"05/31/2024","18,536.65","18,550.80","18,574.56","18,189.78","573.62M","-0.01%"
"05/30/2024","18,538.66","18,683.25","18,705.26","18,487.76","246.07M","-1.06%"
"05/29/2024","18,736.76","18,708.07","18,814.81","18,706.62","244.18M","-0.70%"
"05/28/2024","18,869.44","18,855.15","18,875.20","18,755.94","246.66M","0.32%"
"05/24/2024","18,808.35","18,669.36","18,851.99","18,664.79","217.31M","0.99%"
"05/23/2024","18,623.39","18,907.14","18,907.54","18,554.89","280.63M","-0.44%"
"05/22/2024","18,705.20","18,733.54","18,756.69","18,606.16","240.74M","-0.05%"
"05/21/2024","18,713.80","18,603.99","18,721.18","18,589.91","208.95M","0.21%"
"05/20/2024","18,674.19","18,559.22","18,703.83","18,549.84","190.68M","0.69%"
"05/17/2024","18,546.23","18,571.82","18,590.37","18,462.25","220.32M","-0.06%"
"05/16/2024","18,557.96","18,589.98","18,669.50","18,553.30","242.77M","-0.21%"
"05/15/2024","18,596.65","18,412.81","18,607.53","18,359.32","266.89M","1.49%"
"05/14/2024","18,322.77","18,187.51","18,339.58","18,175.30","221.74M","0.68%"
"05/13/2024","18,198.61","18,228.40","18,233.49","18,147.57","206.91M","0.21%"
"05/10/2024","18,161.18","18,171.15","18,247.61","18,099.72","202.63M","0.26%"
"05/09/2024","18,113.46","18,095.80","18,138.02","18,012.62","208.61M","0.16%"
"05/08/2024","18,085.01","17,987.71","18,135.34","17,987.71","220.30M","-0.04%"
"05/07/2024","18,091.45","18,106.33","18,156.32","18,061.60","229.73M","-0.01%"
"05/06/2024","18,093.57","17,950.98","18,094.46","17,937.28","227.98M","1.13%"
"05/03/2024","17,890.79","17,848.66","17,926.98","17,784.78","277.48M","1.99%"
"05/02/2024","17,541.54","17,474.92","17,575.81","17,290.64","269.97M","1.29%"
"05/01/2024","17,318.55","17,382.78","17,667.86","17,284.37","323.12M","-0.70%"
"04/30/2024","17,440.69","17,720.35","17,768.87","17,440.69","359.17M","-1.92%"
"04/29/2024","17,782.72","17,801.14","17,820.00","17,671.03","268.21M","0.36%"
"04/26/2024","17,718.30","17,566.22","17,772.78","17,533.08","284.95M","1.65%"
"04/25/2024","17,430.50","17,205.28","17,474.46","17,172.42","312.72M","-0.55%"
"04/24/2024","17,526.80","17,613.66","17,653.66","17,435.33","279.49M","0.32%"
"04/23/2024","17,471.47","17,297.24","17,513.31","17,277.26","236.42M","1.51%"
"04/22/2024","17,210.89","17,161.11","17,305.15","17,010.26","246.49M","1.02%"
"04/19/2024","17,037.65","17,334.71","17,362.28","16,973.94","337.47M","-2.05%"
"04/18/2024","17,394.31","17,514.77","17,590.81","17,376.49","227.44M","-0.57%"
"04/17/2024","17,493.62","17,785.82","17,788.54","17,459.57","228.98M","-1.24%"
"04/16/2024","17,713.66","17,691.45","17,817.73","17,660.89","216.64M","0.04%"
"04/15/2024","17,706.83","18,143.26","18,152.08","17,676.35","266.84M","-1.65%"
"04/12/2024","18,003.49","18,117.67","18,166.49","17,952.08","260.97M","-1.66%"
"04/11/2024","18,307.98","18,085.11","18,337.15","17,998.25","248.03M","1.65%"
"04/10/2024","18,011.65","17,957.96","18,040.83","17,932.42","238.25M","-0.87%"
"04/09/2024","18,169.90","18,188.87","18,210.02","17,973.07","226.55M","0.39%"
"04/08/2024","18,100.19","18,130.44","18,178.66","18,050.69","205.51M","-0.05%"
"04/05/2024","18,108.46","17,940.28","18,202.96","17,912.86","245.48M","1.28%"
"04/04/2024","17,878.78","18,331.02","18,362.29","17,875.75","291.30M","-1.55%"
"04/03/2024","18,160.19","18,054.44","18,238.67","18,045.42","239.90M","0.21%"
"04/02/2024","18,121.78","18,076.43","18,135.58","18,002.27","238.38M","-0.94%"
"04/01/2024","18,293.20","18,280.82","18,391.58","18,211.28","221.87M","0.21%"
"03/28/2024","18,254.69","18,263.41","18,308.32","18,231.38","270.49M","-0.14%"
"03/27/2024","18,280.84","18,338.19","18,344.09","18,168.20","231.83M","0.39%"
"03/26/2024","18,210.54","18,329.29","18,378.70","18,207.88","256.69M","-0.36%"
"03/25/2024","18,277.06","18,215.54","18,337.35","18,189.28","223.87M","-0.34%"
"03/22/2024","18,339.44","18,293.15","18,386.25","18,267.49","221.23M","0.10%"
"03/21/2024","18,320.38","18,438.24","18,464.70","18,317.10","271.73M","0.44%"
"03/20/2024","18,240.11","18,067.70","18,249.12","18,003.24","252.23M","1.15%"
"03/19/2024","18,032.21","17,902.51","18,039.82","17,809.15","255.99M","0.26%"
"03/18/2024","17,985.01","18,024.24","18,124.32","17,973.09","287.97M","0.99%"
"03/15/2024","17,808.25","17,926.92","17,930.47","17,764.99","711.62M","-1.15%"
"03/14/2024","18,014.81","18,114.69","18,142.90","17,913.63","309.74M","-0.30%"
"03/13/2024","18,068.47","18,151.76","18,163.74","18,030.40","278.94M","-0.83%"
"03/12/2024","18,219.12","18,063.02","18,228.37","17,919.33","241.02M","1.49%"
"03/11/2024","17,951.69","17,959.68","18,003.05","17,873.33","239.72M","-0.37%"
"03/08/2024","18,018.45","18,312.78","18,416.73","17,995.38","310.56M","-1.53%"
"03/07/2024","18,297.99","18,161.73","18,337.95","18,101.43","279.40M","1.56%"
"03/06/2024","18,017.58","18,083.51","18,142.88","17,941.65","274.11M","0.67%"
"03/05/2024","17,897.87","18,088.71","18,097.50","17,804.49","292.54M","-1.80%"
"03/04/2024","18,226.48","18,290.10","18,313.43","18,218.24","291.88M","-0.42%"
"03/01/2024","18,302.91","18,069.29","18,333.26","18,064.44","274.13M","1.44%"
"02/29/2024","18,043.85","17,991.67","18,068.52","17,866.26","464.32M","0.95%"
"02/28/2024","17,874.50","17,895.03","17,931.01","17,840.36","193.52M","-0.54%"
"02/27/2024","17,971.05","17,962.58","17,987.54","17,871.06","205.82M","0.21%"
"02/26/2024","17,933.33","17,970.21","18,014.11","17,926.66","238.30M","-0.02%"
"02/23/2024","17,937.61","18,052.59","18,091.62","17,902.78","264.98M","-0.37%"
"02/22/2024","18,004.70","17,857.76","18,034.80","17,808.26","315.27M","3.01%"
"02/21/2024","17,478.91","17,412.79","17,482.13","17,319.44","239.18M","-0.38%"
"02/20/2024","17,546.10","17,591.17","17,657.08","17,399.41","271.21M","-0.79%"
"02/16/2024","17,685.98","17,853.59","17,864.16","17,663.40","264.65M","-0.90%"
"02/15/2024","17,845.72","17,815.32","17,864.58","17,722.31","257.11M","0.21%"
"02/14/2024","17,807.63","17,728.90","17,815.18","17,619.92","240.24M","1.18%"
"02/13/2024","17,600.42","17,519.80","17,717.67","17,478.23","271.02M","-1.58%"
"02/12/2024","17,882.66","17,942.28","18,041.45","17,859.66","231.24M","-0.44%"
"02/09/2024","17,962.40","17,820.98","17,987.90","17,798.81","256.35M","1.01%"
"02/08/2024","17,783.17","17,757.60","17,814.12","17,728.55","233.85M","0.16%"
"02/07/2024","17,755.07","17,674.59","17,784.17","17,637.73","258.24M","1.04%"
"02/06/2024","17,572.73","17,664.44","17,680.62","17,475.43","238.77M","-0.23%"
"02/05/2024","17,613.04","17,634.69","17,655.77","17,469.62","252.95M","-0.17%"
"02/02/2024","17,642.73","17,415.94","17,682.29","17,378.37","316.28M","1.72%"
"02/01/2024","17,344.71","17,216.99","17,356.76","17,175.83","250.82M","1.21%"
"01/31/2024","17,137.24","17,269.97","17,375.32","17,128.74","367.66M","-1.94%"
"01/30/2024","17,476.71","17,556.49","17,578.46","17,443.77","245.22M","-0.68%"
"01/29/2024","17,596.27","17,438.03","17,603.95","17,414.62","239.92M","1.01%"
"01/26/2024","17,421.01","17,432.87","17,514.76","17,395.53","253.48M","-0.55%"
"01/25/2024","17,516.99","17,589.27","17,631.34","17,430.38","292.67M","0.10%"
"01/24/2024","17,499.30","17,562.32","17,665.26","17,481.97","262.44M","0.55%"
"01/23/2024","17,404.21","17,346.95","17,410.86","17,286.02","201.69M","0.43%"
"01/22/2024","17,330.38","17,403.62","17,450.30","17,309.87","257.99M","0.09%"
"01/19/2024","17,314.01","17,060.14","17,317.21","17,041.85","327.84M","1.95%"
"01/18/2024","16,982.29","16,894.33","16,996.98","16,818.13","264.84M","1.47%"
"01/17/2024","16,736.28","16,705.51","16,749.11","16,561.49","217.88M","-0.56%"
"01/16/2024","16,830.71","16,775.10","16,895.33","16,726.59","248.19M","-0.01%"
"01/12/2024","16,832.92","16,855.00","16,900.37","16,776.92","189.92M","0.07%"
"01/11/2024","16,820.90","16,852.19","16,898.16","16,618.86","220.32M","0.17%"
"01/10/2024","16,793.04","16,702.55","16,827.37","16,654.74","210.06M","0.69%"
"01/09/2024","16,678.70","16,531.96","16,710.88","16,513.73","224.71M","0.17%"
"01/08/2024","16,649.87","16,354.22","16,655.23","16,349.39","274.36M","2.11%"
"01/05/2024","16,305.98","16,281.74","16,415.39","16,249.19","222.09M","0.15%"
"01/04/2024","16,282.01","16,290.77","16,419.44","16,276.43","251.45M","-0.53%"
"01/03/2024","16,368.49","16,413.26","16,471.08","16,352.14","239.68M","-1.06%"
"01/02/2024","16,543.94","16,667.30","16,686.60","16,453.15","271.22M","-1.68%"
"12/29/2023","16,825.93","16,902.44","16,919.51","16,757.88","196.79M","-0.43%"
"12/28/2023","16,898.47","16,963.52","16,969.17","16,891.32","150.33M","-0.05%"
"12/27/2023","16,906.80","16,896.14","16,922.01","16,859.55","183.17M","0.17%"
"12/26/2023","16,878.46","16,816.78","16,907.51","16,813.56","146.87M","0.60%"
"12/22/2023","16,777.40","16,799.02","16,839.25","16,703.57","170.89M","0.12%"
"12/21/2023","16,757.41","16,719.61","16,768.02","16,621.52","217.45M","1.23%"
"12/20/2023","16,554.16","16,763.64","16,860.68","16,552.06","276.40M","-1.53%"
"12/19/2023","16,811.85","16,734.25","16,813.01","16,733.38","229.14M","0.49%"
"12/18/2023","16,729.80","16,631.11","16,764.31","16,629.29","249.90M","0.64%"
"12/15/2023","16,623.45","16,587.00","16,669.77","16,557.01","983.69M","0.52%"
"12/14/2023","16,537.83","16,603.54","16,660.71","16,419.26","393.17M","-0.15%"
"12/13/2023","16,562.37","16,392.18","16,581.04","16,357.21","265.47M","1.27%"
"12/12/2023","16,354.25","16,209.61","16,354.25","16,175.46","251.46M","0.82%"
"12/11/2023","16,221.74","16,069.61","16,232.25","16,061.87","303.78M","0.85%"
"12/08/2023","16,084.69","15,952.85","16,100.86","15,937.58","245.49M","0.39%"
"12/07/2023","16,022.49","15,888.23","16,042.51","15,875.48","262.70M","1.48%"
"12/06/2023","15,788.05","15,990.20","15,990.94","15,776.95","232.39M","-0.56%"
"12/05/2023","15,877.71","15,763.66","15,931.84","15,760.59","231.01M","0.24%"
"12/04/2023","15,839.67","15,837.12","15,852.45","15,695.58","255.86M","-0.99%"
"12/01/2023","15,997.58","15,892.59","16,013.75","15,834.93","247.68M","0.31%"
"11/30/2023","15,947.87","15,987.66","16,013.48","15,825.67","445.57M","-0.25%"
"11/29/2023","15,987.60","16,111.36","16,166.51","15,976.69","231.25M","-0.14%"
"11/28/2023","16,010.43","15,940.29","16,031.51","15,921.07","239.30M","0.30%"
"11/27/2023","15,961.98","15,969.72","16,045.30","15,932.19","216.16M","-0.13%"
"11/24/2023","15,982.01","15,974.85","16,007.43","15,940.62","103.12M","-0.12%"
"11/22/2023","16,001.39","16,025.74","16,119.31","15,964.04","203.06M","0.43%"
"11/21/2023","15,933.62","15,951.55","15,968.09","15,866.82","213.24M","-0.58%"
"11/20/2023","16,027.06","15,845.20","16,056.76","15,844.83","247.96M","1.19%"
"11/17/2023","15,837.99","15,803.98","15,876.87","15,766.94","259.85M","0.03%"
"11/16/2023","15,833.17","15,765.20","15,842.63","15,738.22","275.32M","0.10%"
"11/15/2023","15,817.18","15,881.72","15,904.63","15,765.31","274.37M","0.03%"
"11/14/2023","15,812.47","15,744.36","15,850.34","15,726.12","290.64M","2.13%"
"11/13/2023","15,482.79","15,469.21","15,524.66","15,404.71","197.95M","-0.30%"
"11/10/2023","15,529.12","15,252.36","15,535.20","15,237.17","279.09M","2.25%"
"11/09/2023","15,187.90","15,351.12","15,382.11","15,171.32","265.09M","-0.82%"
"11/08/2023","15,313.24","15,313.90","15,343.19","15,220.89","241.61M","0.11%"
"11/07/2023","15,296.02","15,201.77","15,335.44","15,153.31","233.75M","0.93%"
"11/06/2023","15,154.93","15,137.17","15,180.19","15,064.91","218.35M","0.37%"
"11/03/2023","15,099.49","14,985.12","15,149.78","14,965.29","270.24M","1.21%"
"11/02/2023","14,919.55","14,856.95","14,930.76","14,792.81","299.94M","1.74%"
"11/01/2023","14,664.91","14,453.68","14,677.86","14,441.90","300.92M","1.77%"
"10/31/2023","14,409.78","14,340.86","14,420.44","14,232.40","254.05M","0.52%"
"10/30/2023","14,335.51","14,283.98","14,388.20","14,225.86","234.34M","1.09%"
"10/27/2023","14,180.42","14,245.75","14,321.04","14,130.37","275.21M","0.50%"
"10/26/2023","14,109.57","14,314.01","14,372.51","14,058.33","306.70M","-1.89%"
"10/25/2023","14,381.64","14,642.08","14,643.69","14,362.24","301.30M","-2.47%"
"10/24/2023","14,745.85","14,678.41","14,774.16","14,610.33","230.98M","0.97%"
"10/23/2023","14,604.85","14,514.11","14,746.37","14,419.06","224.76M","0.30%"
"10/20/2023","14,560.88","14,752.58","14,781.22","14,552.12","296.18M","-1.50%"
"10/19/2023","14,783.13","14,981.12","15,023.91","14,749.30","269.42M","-0.85%"
"10/18/2023","14,909.26","15,022.28","15,103.87","14,865.81","229.74M","-1.41%"
"10/17/2023","15,122.01","15,009.26","15,187.06","14,932.77","240.51M","-0.33%"
"10/16/2023","15,172.73","15,054.48","15,209.50","15,047.27","222.84M","1.18%"
"10/13/2023","14,995.11","15,225.73","15,232.37","14,943.42","236.24M","-1.24%"
"10/12/2023","15,184.10","15,264.11","15,333.98","15,090.69","231.16M","-0.37%"
"10/11/2023","15,241.12","15,194.53","15,248.22","15,119.61","207.13M","0.72%"
"10/10/2023","15,131.52","15,074.04","15,241.94","15,050.54","215.72M","0.56%"
"10/09/2023","15,047.16","14,871.57","15,070.64","14,816.32","186.92M","0.49%"
"10/06/2023","14,973.24","14,622.23","15,021.38","14,575.95","260.09M","1.70%"
"10/05/2023","14,723.22","14,769.55","14,784.69","14,584.39","224.19M","-0.36%"
"10/04/2023","14,776.25","14,613.23","14,803.04","14,592.56","240.40M","1.45%"
"10/03/2023","14,565.62","14,744.05","14,819.87","14,504.14","238.10M","-1.83%"
"10/02/2023","14,837.57","14,717.90","14,892.18","14,701.52","213.04M","0.83%"
"09/29/2023","14,715.24","14,853.35","14,901.85","14,664.78","265.42M","0.08%"
"09/28/2023","14,702.77","14,530.96","14,787.58","14,510.17","227.68M","0.84%"
"09/27/2023","14,580.16","14,600.14","14,657.21","14,432.60","251.42M","0.24%"
"09/26/2023","14,545.83","14,668.45","14,678.48","14,505.68","243.96M","-1.51%"
"09/25/2023","14,768.90","14,662.69","14,771.12","14,615.45","185.04M","0.46%"
"09/22/2023","14,701.10","14,756.62","14,855.92","14,686.84","231.19M","0.05%"
"09/21/2023","14,694.24","14,813.49","14,849.25","14,691.69","282.01M","-1.84%"
"09/20/2023","14,969.92","15,225.34","15,245.19","14,967.60","213.40M","-1.46%"
"09/19/2023","15,191.23","15,152.53","15,219.92","15,069.42","211.68M","-0.22%"
"09/18/2023","15,225.37","15,161.17","15,268.96","15,155.46","216.61M","0.15%"
"09/15/2023","15,202.40","15,425.95","15,435.45","15,173.71","756.74M","-1.75%"
"09/14/2023","15,473.89","15,433.01","15,512.82","15,337.18","244.61M","0.82%"
"09/13/2023","15,348.52","15,293.27","15,414.61","15,256.60","223.95M","0.38%"
"09/12/2023","15,289.74","15,390.59","15,447.85","15,278.88","221.81M","-1.11%"
"09/11/2023","15,461.86","15,409.77","15,482.84","15,328.35","246.45M","1.19%"
"09/08/2023","15,280.23","15,265.57","15,374.22","15,244.06","217.06M","0.14%"
"09/07/2023","15,258.52","15,174.22","15,288.20","15,138.73","273.10M","-0.73%"
"09/06/2023","15,371.44","15,467.32","15,487.00","15,289.48","219.67M","-0.88%"
"09/05/2023","15,508.24","15,460.52","15,556.85","15,419.96","233.47M","0.11%"
"09/01/2023","15,490.86","15,600.95","15,618.85","15,429.36","231.61M","-0.07%"
"08/31/2023","15,501.07","15,475.43","15,575.01","15,466.41","310.70M","0.25%"
"08/30/2023","15,462.43","15,386.67","15,484.83","15,341.94","206.99M","0.56%"
"08/29/2023","15,376.55","15,043.02","15,391.56","15,034.54","249.54M","2.15%"
"08/28/2023","15,052.46","15,035.48","15,086.23","14,948.92","185.21M","0.74%"
"08/25/2023","14,941.83","14,858.93","15,001.29","14,715.36","248.10M","0.85%"
"08/24/2023","14,816.44","15,278.93","15,279.24","14,814.83","295.40M","-2.19%"
"08/23/2023","15,148.06","14,947.58","15,188.86","14,947.58","240.82M","1.60%"
"08/22/2023","14,908.96","15,035.07","15,037.79","14,883.98","199.27M","-0.19%"
"08/21/2023","14,936.69","14,762.01","14,958.86","14,739.37","238.09M","1.65%"
"08/18/2023","14,694.84","14,589.71","14,744.57","14,557.83","257.29M","-0.14%"
"08/17/2023","14,715.81","14,943.34","14,949.58","14,698.29","240.75M","-1.08%"
"08/16/2023","14,876.47","15,021.63","15,077.05","14,874.02","213.31M","-1.07%"
"08/15/2023","15,037.65","15,172.08","15,192.88","15,014.36","203.01M","-1.10%"
"08/14/2023","15,205.58","14,988.42","15,206.26","14,972.01","219.89M","1.18%"
"08/11/2023","15,028.07","15,010.52","15,102.53","14,973.67","198.88M","-0.67%"
"08/10/2023","15,128.84","15,217.29","15,366.29","15,072.49","205.51M","0.18%"
"08/09/2023","15,101.71","15,286.99","15,288.76","15,077.91","233.40M","-1.12%"
"08/08/2023","15,273.05","15,279.41","15,295.80","15,148.25","239.72M","-0.87%"
"08/07/2023","15,407.85","15,355.62","15,410.85","15,258.92","230.18M","0.87%"
"08/04/2023","15,274.92","15,420.74","15,523.31","15,258.69","285.54M","-0.51%"
"08/03/2023","15,353.54","15,287.77","15,436.59","15,270.72","246.16M","-0.11%"
"08/02/2023","15,370.74","15,561.15","15,561.36","15,321.44","305.95M","-2.21%"
"08/01/2023","15,718.01","15,696.98","15,748.43","15,636.57","211.40M","-0.25%"
"07/31/2023","15,757.00","15,774.30","15,803.55","15,702.74","254.54M","0.04%"
"07/28/2023","15,750.93","15,630.17","15,788.48","15,617.75","295.90M","1.85%"
"07/27/2023","15,464.93","15,734.03","15,795.51","15,416.05","291.79M","-0.22%"
"07/26/2023","15,499.26","15,514.04","15,571.16","15,411.91","263.28M","-0.40%"
"07/25/2023","15,561.42","15,483.06","15,622.69","15,482.04","234.86M","0.73%"
"07/24/2023","15,448.02","15,475.15","15,504.67","15,374.66","220.80M","0.14%"
"07/21/2023","15,425.67","15,554.95","15,600.54","15,410.57","799.03M","-0.26%"
"07/20/2023","15,466.09","15,717.67","15,771.84","15,429.87","334.20M","-2.28%"
"07/19/2023","15,826.35","15,888.16","15,932.05","15,781.96","268.74M","-0.09%"
"07/18/2023","15,841.35","15,671.72","15,895.68","15,607.71","258.65M","0.82%"
"07/17/2023","15,713.28","15,608.28","15,745.67","15,576.51","237.03M","0.95%"
"07/14/2023","15,565.60","15,610.00","15,720.06","15,531.00","256.39M","-0.04%"
"07/13/2023","15,571.98","15,432.48","15,602.74","15,420.71","242.48M","1.73%"
"07/12/2023","15,307.23","15,279.35","15,364.09","15,209.71","287.61M","1.24%"
"07/11/2023","15,119.06","15,068.13","15,135.29","14,974.16","234.91M","0.49%"
"07/10/2023","15,045.64","15,031.95","15,066.43","14,924.64","271.07M","0.06%"
"07/07/2023","15,036.85","15,070.50","15,210.63","15,032.56","240.00M","-0.35%"
"07/06/2023","15,089.45","15,054.10","15,106.45","14,969.14","242.50M","-0.75%"
"07/05/2023","15,203.78","15,165.36","15,275.18","15,162.66","223.47M","-0.03%"
"07/03/2023","15,208.69","15,190.54","15,232.96","15,153.60","150.55M","0.19%"
"06/30/2023","15,179.21","15,085.24","15,213.75","15,081.57","317.60M","1.60%"
"06/29/2023","14,939.95","14,965.55","14,986.89","14,876.94","226.21M","-0.16%"
"06/28/2023","14,964.58","14,876.25","15,051.08","14,865.81","247.52M","0.12%"
"06/27/2023","14,945.91","14,751.57","14,972.32","14,726.75","269.00M","1.75%"
"06/26/2023","14,689.02","14,866.66","14,982.82","14,687.02","266.06M","-1.36%"
"06/23/2023","14,891.48","14,879.23","14,983.73","14,821.81","420.63M","-1.00%"
"06/22/2023","15,042.32","14,797.89","15,044.22","14,794.95","234.61M","1.18%"
"06/21/2023","14,867.45","15,019.01","15,038.90","14,826.02","308.96M","-1.35%"
"06/20/2023","15,070.15","15,036.48","15,127.42","14,946.72","291.16M","-0.09%"
"06/16/2023","15,083.92","15,272.65","15,284.65","15,073.45","771.26M","-0.67%"
"06/15/2023","15,185.48","14,949.70","15,246.62","14,930.12","321.05M","1.20%"
"06/14/2023","15,005.69","14,894.10","15,017.10","14,784.62","308.98M","0.70%"
"06/13/2023","14,900.85","14,911.26","14,931.83","14,770.14","275.48M","0.79%"
"06/12/2023","14,784.30","14,617.35","14,789.60","14,571.36","283.89M","1.76%"
"06/09/2023","14,528.36","14,574.24","14,672.85","14,487.48","258.23M","0.30%"
"06/08/2023","14,484.54","14,319.24","14,503.31","14,314.69","254.49M","1.27%"
"06/07/2023","14,303.29","14,573.27","14,647.91","14,283.88","334.57M","-1.75%"
"06/06/2023","14,558.09","14,526.10","14,593.50","14,476.99","249.04M","0.01%"
"06/05/2023","14,556.50","14,550.13","14,662.95","14,516.88","254.09M","0.07%"
"06/02/2023","14,546.64","14,517.08","14,595.81","14,442.15","273.86M","0.73%"
"06/01/2023","14,441.51","14,269.09","14,493.31","14,219.94","314.66M","1.31%"
"05/31/2023","14,254.09","14,293.56","14,375.38","14,216.16","615.28M","-0.70%"
"05/30/2023","14,354.99","14,465.59","14,520.17","14,301.08","307.60M","0.40%"
"05/26/2023","14,298.41","13,990.55","14,329.49","13,982.16","353.94M","2.58%"
"05/25/2023","13,938.53","13,920.89","13,986.87","13,812.18","343.01M","2.46%"
"05/24/2023","13,604.48","13,589.02","13,655.73","13,520.92","239.37M","-0.50%"
"05/23/2023","13,672.54","13,773.68","13,827.10","13,662.91","241.74M","-1.28%"
"05/22/2023","13,849.74","13,805.33","13,893.71","13,792.97","227.41M","0.34%"
"05/19/2023","13,803.49","13,842.69","13,874.42","13,763.90","266.50M","-0.23%"
"05/18/2023","13,834.62","13,608.95","13,844.76","13,606.81","276.88M","1.81%"
"05/17/2023","13,589.26","13,474.52","13,608.33","13,419.35","254.55M","1.22%"
"05/16/2023","13,426.01","13,385.37","13,498.44","13,384.77","209.97M","0.09%"
"05/15/2023","13,413.51","13,352.26","13,419.81","13,297.85","200.43M","0.55%"
"05/12/2023","13,340.17","13,407.02","13,427.42","13,256.56","223.44M","-0.37%"
"05/11/2023","13,389.78","13,376.85","13,411.70","13,306.08","245.64M","0.31%"
"05/10/2023","13,347.83","13,308.42","13,384.42","13,204.79","286.10M","1.11%"
"05/09/2023","13,201.11","13,228.64","13,254.81","13,193.88","232.39M","-0.68%"
"05/08/2023","13,291.64","13,247.09","13,302.43","13,193.08","211.96M","0.25%"
"05/05/2023","13,259.13","13,070.69","13,291.11","13,059.91","265.00M","2.13%"
"05/04/2023","12,982.48","13,014.08","13,064.02","12,938.45","245.78M","-0.37%"
"05/03/2023","13,030.21","13,123.10","13,231.71","13,026.04","257.60M","-0.64%"
"05/02/2023","13,113.66","13,225.48","13,241.53","13,046.79","249.11M","-0.89%"
"05/01/2023","13,231.47","13,229.11","13,287.47","13,186.40","211.62M","-0.11%"
"04/28/2023","13,245.99","13,139.35","13,247.39","13,096.93","300.70M","0.65%"
"04/27/2023","13,160.03","12,963.21","13,175.62","12,938.50","319.31M","2.76%"
"04/26/2023","12,806.49","12,866.64","12,929.62","12,783.42","292.22M","0.64%"
"04/25/2023","12,725.11","12,905.09","12,933.28","12,724.24","261.53M","-1.89%"
"04/24/2023","12,969.76","12,981.71","13,044.23","12,883.77","199.01M","-0.24%"
"04/21/2023","13,000.77","12,970.32","13,030.85","12,899.64","236.55M","0.11%"
"04/20/2023","12,985.98","12,962.29","13,107.92","12,933.80","261.52M","-0.78%"
"04/19/2023","13,088.72","12,992.51","13,128.25","12,988.20","196.77M","-0.02%"
"04/18/2023","13,091.79","13,180.31","13,196.18","13,044.21","198.42M","0.03%"
"04/17/2023","13,087.71","13,053.26","13,105.68","12,981.26","200.78M","0.06%"
"04/14/2023","13,079.52","13,044.69","13,152.28","12,962.51","207.40M","-0.23%"
"04/13/2023","13,109.39","12,922.90","13,124.41","12,920.02","230.79M","2.03%"
"04/12/2023","12,848.35","13,043.97","13,071.98","12,833.31","236.48M","-0.89%"
"04/11/2023","12,964.16","13,040.49","13,049.56","12,947.66","206.13M","-0.67%"
"04/10/2023","13,051.23","12,936.52","13,051.85","12,861.52","197.34M","-0.09%"
"04/06/2023","13,062.60","12,892.90","13,078.10","12,846.03","229.51M","0.74%"
"04/05/2023","12,967.20","13,056.79","13,065.27","12,894.44","247.24M","-1.01%"
"04/04/2023","13,100.08","13,148.35","13,204.08","13,049.98","227.66M","-0.37%"
"04/03/2023","13,148.35","13,084.10","13,157.47","13,036.55","247.21M","-0.25%"
"03/31/2023","13,181.35","12,968.96","13,188.83","12,968.00","317.69M","1.68%"
"03/30/2023","12,963.14","12,934.99","12,987.97","12,894.14","222.67M","0.91%"
"03/29/2023","12,846.03","12,768.14","12,867.32","12,734.68","269.55M","1.87%"
"03/28/2023","12,610.57","12,654.91","12,654.91","12,517.87","203.48M","-0.49%"
"03/27/2023","12,673.07","12,797.90","12,839.42","12,647.94","224.95M","-0.74%"
"03/24/2023","12,767.05","12,700.51","12,770.28","12,608.15","260.67M","0.30%"
"03/23/2023","12,729.23","12,735.60","12,900.10","12,611.67","297.18M","1.29%"
"03/22/2023","12,567.15","12,742.41","12,943.62","12,563.78","279.13M","-1.37%"
"03/21/2023","12,741.44","12,643.35","12,762.45","12,582.76","302.52M","1.42%"
"03/20/2023","12,562.61","12,487.79","12,578.35","12,407.82","291.23M","0.34%"
"03/17/2023","12,519.88","12,570.16","12,674.34","12,444.08","715.66M","-0.49%"
"03/16/2023","12,581.39","12,211.87","12,595.69","12,190.65","344.26M","2.69%"
"03/15/2023","12,251.32","12,083.24","12,269.45","12,026.18","343.36M","0.42%"
"03/14/2023","12,199.79","12,078.46","12,217.87","12,035.22","324.30M","2.32%"
"03/13/2023","11,923.17","11,752.10","12,073.95","11,695.41","351.06M","0.79%"
"03/10/2023","11,830.28","12,001.70","12,069.62","11,789.86","308.68M","-1.38%"
"03/09/2023","11,995.88","12,230.84","12,340.45","11,970.34","275.90M","-1.80%"
"03/08/2023","12,215.33","12,181.06","12,237.72","12,102.28","234.18M","0.52%"
"03/07/2023","12,152.17","12,303.19","12,344.05","12,130.01","259.81M","-1.22%"
"03/06/2023","12,302.48","12,344.65","12,466.88","12,297.57","239.56M","0.09%"
"03/03/2023","12,290.81","12,110.70","12,300.46","12,095.24","279.00M","2.04%"
"03/02/2023","12,044.87","11,830.09","12,074.59","11,830.09","245.37M","0.89%"
"03/01/2023","11,938.57","12,026.72","12,054.48","11,906.58","248.48M","-0.86%"
"02/28/2023","12,042.12","12,041.75","12,146.52","12,021.32","316.62M","-0.13%"
"02/27/2023","12,057.79","12,106.79","12,159.64","12,034.61","225.91M","0.74%"
"02/24/2023","11,969.65","11,979.80","12,018.32","11,900.84","263.45M","-1.73%"
"02/23/2023","12,180.14","12,224.44","12,227.40","12,003.31","284.88M","0.94%"
"02/22/2023","12,066.27","12,085.67","12,156.21","12,006.04","265.18M","0.05%"
"02/21/2023","12,060.30","12,205.21","12,257.06","12,058.23","291.79M","-2.41%"
"02/17/2023","12,358.18","12,352.30","12,385.52","12,233.79","265.45M","-0.68%"
"02/16/2023","12,442.48","12,495.07","12,653.40","12,440.00","294.55M","-1.93%"
"02/15/2023","12,687.89","12,531.60","12,689.34","12,486.42","248.82M","0.77%"
"02/14/2023","12,590.89","12,413.10","12,627.40","12,356.32","274.38M","0.71%"
"02/13/2023","12,502.31","12,356.50","12,522.78","12,313.44","256.04M","1.60%"
"02/10/2023","12,304.92","12,306.59","12,375.72","12,204.22","266.99M","-0.62%"
"02/09/2023","12,381.17","12,677.54","12,679.54","12,327.44","310.65M","-0.91%"
"02/08/2023","12,495.38","12,680.03","12,709.45","12,471.11","306.97M","-1.83%"
"02/07/2023","12,728.27","12,474.95","12,771.58","12,419.71","319.73M","2.12%"
"02/06/2023","12,464.51","12,468.81","12,558.88","12,411.88","252.29M","-0.87%"
"02/03/2023","12,573.36","12,520.95","12,828.71","12,520.95","343.68M","-1.79%"
"02/02/2023","12,803.14","12,655.18","12,880.98","12,600.76","406.80M","3.56%"
"02/01/2023","12,363.10","12,087.92","12,458.88","12,010.74","349.60M","2.16%"
"01/31/2023","12,101.93","11,915.94","12,104.13","11,915.94","316.87M","1.59%"
"01/30/2023","11,912.39","12,047.16","12,087.68","11,906.11","278.71M","-2.09%"
"01/27/2023","12,166.60","12,000.21","12,248.15","11,999.87","344.54M","0.96%"
"01/26/2023","12,051.48","11,972.57","12,055.81","11,853.37","270.09M","2.00%"
"01/25/2023","11,814.69","11,636.01","11,841.81","11,550.07","257.78M","-0.27%"
"01/24/2023","11,846.65","11,802.95","11,889.37","11,780.07","218.61M","-0.22%"
"01/23/2023","11,872.54","11,652.00","11,918.86","11,617.83","289.73M","2.18%"
"01/20/2023","11,619.03","11,363.85","11,623.20","11,329.54","343.98M","2.86%"
"01/19/2023","11,295.67","11,345.18","11,388.47","11,251.94","260.02M","-1.00%"
"01/18/2023","11,410.29","11,636.61","11,690.27","11,403.32","270.51M","-1.27%"
"01/17/2023","11,557.19","11,531.55","11,615.95","11,484.02","262.00M","0.14%"
"01/13/2023","11,541.48","11,362.13","11,547.96","11,347.60","229.40M","0.71%"
"01/12/2023","11,459.61","11,441.45","11,500.86","11,246.02","264.98M","0.50%"
"01/11/2023","11,402.52","11,259.16","11,403.89","11,220.75","279.25M","1.76%"
"01/10/2023","11,205.78","11,069.05","11,207.56","11,050.68","231.65M","0.88%"
"01/09/2023","11,108.44","11,133.07","11,304.84","11,085.33","274.10M","0.62%"
"01/06/2023","11,040.35","10,807.45","11,082.59","10,696.42","315.74M","2.78%"
"01/05/2023","10,741.22","10,837.25","10,842.33","10,728.26","279.98M","-1.59%"
"01/04/2023","10,914.80","10,949.34","10,981.46","10,785.53","292.08M","0.48%"
"01/03/2023","10,862.64","11,038.42","11,093.10","10,770.93","294.37M","-0.70%"
"12/30/2022","10,939.76","10,835.59","10,942.90","10,778.64","224.60M","-0.10%"
"12/29/2022","10,951.05","10,800.80","10,981.06","10,776.62","229.87M","2.54%"
"12/28/2022","10,679.34","10,807.12","10,898.64","10,671.19","211.42M","-1.32%"
"12/27/2022","10,822.51","10,944.30","10,957.44","10,807.61","220.91M","-1.48%"
"12/23/2022","10,985.45","10,911.04","11,007.09","10,830.90","191.78M","0.27%"
"12/22/2022","10,956.14","11,099.36","11,114.23","10,784.01","305.75M","-2.49%"
"12/21/2022","11,235.88","11,110.65","11,285.77","11,083.36","238.18M","1.48%"
"12/20/2022","11,072.42","11,023.47","11,143.62","10,967.07","264.63M","-0.11%"
"12/19/2022","11,084.59","11,243.00","11,251.57","11,029.77","286.39M","-1.42%"
"12/16/2022","11,243.72","11,313.64","11,383.39","11,175.54","861.67M","-0.89%"
"12/15/2022","11,345.22","11,573.38","11,591.33","11,300.35","325.71M","-3.37%"
"12/14/2022","11,740.92","11,824.54","11,941.28","11,617.41","296.00M","-0.79%"
"12/13/2022","11,834.20","12,141.24","12,166.41","11,724.91","349.65M","1.09%"
"12/12/2022","11,706.44","11,572.26","11,707.71","11,529.41","245.83M","1.24%"
"12/09/2022","11,563.33","11,594.38","11,707.08","11,550.31","243.90M","-0.64%"
"12/08/2022","11,637.50","11,543.68","11,672.14","11,470.68","238.47M","1.22%"
"12/07/2022","11,497.39","11,490.99","11,577.69","11,431.96","228.21M","-0.45%"
"12/06/2022","11,549.68","11,775.20","11,790.93","11,488.60","233.86M","-2.01%"
"12/05/2022","11,786.80","11,899.54","11,957.35","11,732.15","229.01M","-1.73%"
"12/02/2022","11,994.26","11,845.53","12,027.62","11,825.53","235.05M","-0.40%"
"12/01/2022","12,041.90","12,030.24","12,115.34","11,928.66","257.49M","0.10%"
"11/30/2022","12,030.06","11,505.74","12,031.34","11,481.89","496.42M","4.58%"
"11/29/2022","11,503.45","11,590.30","11,613.33","11,450.34","197.04M","-0.73%"
"11/28/2022","11,587.75","11,684.07","11,764.83","11,555.26","238.84M","-1.43%"
"11/25/2022","11,756.03","11,777.33","11,803.91","11,748.79","101.46M","-0.70%"
"11/23/2022","11,838.72","11,725.08","11,866.42","11,722.01","180.62M","0.97%"
"11/22/2022","11,724.84","11,590.83","11,731.76","11,503.34","217.73M","1.48%"
"11/21/2022","11,553.45","11,623.35","11,664.94","11,524.44","220.28M","-1.06%"
"11/18/2022","11,677.02","11,791.85","11,794.68","11,579.64","247.58M","0.00%"
"11/17/2022","11,676.86","11,521.64","11,737.61","11,519.38","234.82M","-0.19%"
"11/16/2022","11,699.09","11,767.42","11,796.99","11,673.14","253.72M","-1.45%"
"11/15/2022","11,871.15","12,006.45","12,024.95","11,735.40","291.01M","1.45%"
"11/14/2022","11,700.94","11,728.11","11,863.82","11,669.10","272.45M","-0.98%"
"11/11/2022","11,817.01","11,604.36","11,840.07","11,535.56","318.51M","1.82%"
"11/10/2022","11,605.96","11,350.42","11,612.20","11,235.74","451.83M","7.49%"
"11/09/2022","10,797.55","10,971.43","11,012.66","10,790.35","296.28M","-2.37%"
"11/08/2022","11,059.50","11,039.58","11,191.90","10,897.53","263.38M","0.75%"
"11/07/2022","10,977.00","10,900.83","11,001.16","10,817.59","266.26M","1.10%"
"11/04/2022","10,857.03","10,911.99","10,934.62","10,632.39","352.98M","1.56%"
"11/03/2022","10,690.60","10,769.43","10,852.18","10,680.83","312.83M","-1.98%"
"11/02/2022","10,906.34","11,300.27","11,410.91","10,903.48","342.40M","-3.39%"
"11/01/2022","11,288.95","11,571.52","11,574.39","11,278.28","258.91M","-1.02%"
"10/31/2022","11,405.57","11,465.21","11,482.99","11,331.26","304.15M","-1.22%"
"10/28/2022","11,546.21","11,176.99","11,563.16","11,176.99","355.96M","3.17%"
"10/27/2022","11,191.63","11,387.71","11,417.04","11,179.90","343.35M","-1.88%"
"10/26/2022","11,405.90","11,409.79","11,657.06","11,388.34","330.32M","-2.26%"
"10/25/2022","11,669.99","11,482.87","11,681.85","11,480.41","275.48M","2.10%"
"10/24/2022","11,430.26","11,321.11","11,468.18","11,166.49","280.87M","1.06%"
"10/21/2022","11,310.33","10,998.17","11,327.77","10,962.01","324.07M","2.39%"
"10/20/2022","11,046.71","11,081.23","11,279.81","11,001.28","241.40M","-0.51%"
"10/19/2022","11,103.38","11,081.82","11,231.46","11,008.11","223.79M","-0.40%"
"10/18/2022","11,147.74","11,368.76","11,374.38","11,035.80","246.56M","0.77%"
"10/17/2022","11,062.53","10,967.25","11,090.87","10,959.75","293.32M","3.46%"
"10/14/2022","10,692.06","11,130.08","11,152.89","10,677.48","299.49M","-3.10%"
"10/13/2022","11,033.58","10,481.58","11,087.66","10,440.64","355.13M","2.30%"
"10/12/2022","10,785.61","10,810.30","10,886.49","10,754.85","234.88M","-0.05%"
"10/11/2022","10,791.35","10,865.32","10,981.91","10,716.33","285.80M","-1.24%"
"10/10/2022","10,926.97","11,048.51","11,063.21","10,824.25","247.71M","-1.02%"
"10/07/2022","11,039.47","11,272.46","11,293.65","10,991.66","325.37M","-3.88%"
"10/06/2022","11,485.50","11,556.40","11,660.55","11,472.83","224.26M","-0.76%"
"10/05/2022","11,573.18","11,429.47","11,647.62","11,312.52","220.46M","-0.08%"
"10/04/2022","11,582.54","11,477.85","11,609.25","11,462.37","282.89M","3.14%"
"10/03/2022","11,229.73","11,059.17","11,296.43","10,985.01","291.05M","2.36%"
"09/30/2022","10,971.22","11,123.11","11,296.16","10,966.95","332.57M","-1.73%"
"09/29/2022","11,164.78","11,334.57","11,339.91","11,038.94","286.17M","-2.86%"
"09/28/2022","11,493.83","11,258.74","11,546.87","11,210.81","286.31M","1.97%"
"09/27/2022","11,271.75","11,411.34","11,502.38","11,175.29","251.06M","0.16%"
"09/26/2022","11,254.11","11,283.14","11,473.36","11,235.74","258.79M","-0.51%"
"09/23/2022","11,311.24","11,398.75","11,402.41","11,169.66","275.27M","-1.66%"
"09/22/2022","11,501.65","11,574.32","11,617.99","11,448.86","254.51M","-1.17%"
"09/21/2022","11,637.79","11,892.72","12,062.52","11,636.25","263.45M","-1.80%"
"09/20/2022","11,851.54","11,855.83","11,951.13","11,761.69","223.97M","-0.85%"
"09/19/2022","11,953.27","11,753.60","11,956.79","11,752.43","231.53M","0.77%"
"09/16/2022","11,861.38","11,775.93","11,875.09","11,710.25","728.59M","-0.55%"
"09/15/2022","11,927.49","12,034.43","12,153.34","11,867.88","282.27M","-1.71%"
"09/14/2022","12,134.40","12,092.03","12,170.25","12,016.43","273.28M","0.84%"
"09/13/2022","12,033.62","12,364.83","12,420.01","12,004.42","361.85M","-5.54%"
"09/12/2022","12,739.72","12,649.23","12,752.83","12,639.76","226.04M","1.20%"
"09/09/2022","12,588.29","12,424.15","12,610.43","12,424.15","228.58M","2.17%"
"09/08/2022","12,321.19","12,139.57","12,374.13","12,120.26","231.14M","0.50%"
"09/07/2022","12,259.39","12,038.18","12,298.12","12,026.98","237.42M","2.07%"
"09/06/2022","12,011.31","12,106.57","12,152.42","11,928.81","244.57M","-0.72%"
"09/02/2022","12,098.44","12,392.45","12,451.28","12,035.53","249.11M","-1.44%"
"09/01/2022","12,274.62","12,158.88","12,290.33","12,012.98","277.40M","0.02%"
"08/31/2022","12,272.03","12,448.07","12,502.15","12,268.08","315.42M","-0.57%"
"08/30/2022","12,342.70","12,562.40","12,572.88","12,240.82","232.45M","-1.13%"
"08/29/2022","12,484.32","12,488.46","12,594.34","12,440.40","219.65M","-0.96%"
"08/26/2022","12,605.17","13,129.91","13,175.25","12,603.41","308.68M","-4.10%"
"08/25/2022","13,143.58","12,984.74","13,146.84","12,951.61","209.03M","1.75%"
"08/24/2022","12,917.86","12,876.23","12,995.14","12,843.58","179.36M","0.28%"
"08/23/2022","12,881.79","12,885.28","13,000.71","12,852.70","179.39M","-0.07%"
"08/22/2022","12,890.54","13,056.39","13,073.07","12,859.82","222.57M","-2.66%"
"08/19/2022","13,242.90","13,370.25","13,402.61","13,210.82","248.83M","-1.95%"
"08/18/2022","13,505.99","13,474.24","13,553.28","13,405.74","189.70M","0.26%"
"08/17/2022","13,470.86","13,499.24","13,591.58","13,389.82","197.26M","-1.21%"
"08/16/2022","13,635.21","13,617.66","13,720.91","13,508.47","180.39M","-0.23%"
"08/15/2022","13,667.18","13,529.66","13,685.65","13,524.53","166.36M","0.75%"
"08/12/2022","13,565.87","13,384.65","13,565.87","13,341.65","209.25M","2.06%"
"08/11/2022","13,291.99","13,471.03","13,555.38","13,271.35","198.56M","-0.65%"
"08/10/2022","13,378.32","13,330.66","13,386.85","13,220.05","255.82M","2.85%"
"08/09/2022","13,008.17","13,064.24","13,095.70","12,945.60","214.96M","-1.15%"
"08/08/2022","13,159.16","13,227.09","13,394.53","13,103.80","202.55M","-0.37%"
"08/05/2022","13,207.69","13,107.45","13,286.02","13,070.36","215.10M","-0.78%"
"08/04/2022","13,311.04","13,253.77","13,326.72","13,170.44","221.80M","0.44%"
"08/03/2022","13,253.26","12,983.58","13,289.19","12,974.85","284.79M","2.73%"
"08/02/2022","12,901.60","12,853.04","13,073.27","12,809.01","215.11M","-0.30%"
"08/01/2022","12,940.78","12,877.04","13,084.61","12,833.16","226.46M","-0.06%"
"07/29/2022","12,947.98","12,784.20","12,986.64","12,726.25","340.16M","1.81%"
"07/28/2022","12,717.87","12,580.61","12,741.83","12,433.55","257.67M","0.92%"
"07/27/2022","12,601.47","12,299.34","12,660.77","12,256.93","304.74M","4.26%"
"07/26/2022","12,086.90","12,248.21","12,259.01","12,051.21","229.65M","-1.96%"
"07/25/2022","12,328.41","12,391.21","12,415.59","12,244.40","190.24M","-0.55%"
"07/22/2022","12,396.47","12,575.76","12,662.86","12,322.82","236.15M","-1.77%"
"07/21/2022","12,619.41","12,466.13","12,620.50","12,351.42","222.30M","1.44%"
"07/20/2022","12,439.68","12,269.07","12,488.39","12,232.20","239.69M","1.55%"
"07/19/2022","12,249.42","12,046.69","12,258.37","11,967.92","267.09M","3.13%"
"07/18/2022","11,877.50","12,089.68","12,156.09","11,836.52","231.20M","-0.89%"
"07/15/2022","11,983.62","11,896.15","11,987.52","11,828.13","264.00M","1.83%"
"07/14/2022","11,768.40","11,637.18","11,801.11","11,488.27","204.76M","0.34%"
"07/13/2022","11,728.53","11,523.91","11,819.69","11,498.96","204.07M","-0.14%"
"07/12/2022","11,744.99","11,926.84","11,990.44","11,684.02","208.96M","-0.97%"
"07/11/2022","11,860.28","12,008.76","12,026.06","11,830.89","198.97M","-2.19%"
"07/08/2022","12,125.69","11,977.95","12,179.32","11,956.03","175.25M","0.14%"
"07/07/2022","12,109.05","11,913.73","12,137.71","11,897.51","224.25M","2.16%"
"07/06/2022","11,852.59","11,807.08","11,941.31","11,727.36","205.56M","0.62%"
"07/05/2022","11,779.91","11,419.34","11,781.74","11,366.07","246.77M","1.68%"
"07/01/2022","11,585.68","11,472.63","11,592.85","11,378.63","223.73M","0.71%"
"06/30/2022","11,503.72","11,532.32","11,650.97","11,322.86","293.08M","-1.33%"
"06/29/2022","11,658.26","11,619.01","11,710.21","11,537.72","191.33M","0.18%"
"06/28/2022","11,637.77","12,021.34","12,133.87","11,633.13","244.75M","-3.09%"
"06/27/2022","12,008.24","12,157.93","12,175.98","11,965.67","218.40M","-0.81%"
"06/24/2022","12,105.85","11,826.95","12,112.82","11,812.18","428.18M","3.49%"
"06/23/2022","11,697.68","11,622.09","11,729.62","11,515.49","231.63M","1.47%"
"06/22/2022","11,527.71","11,427.74","11,708.08","11,423.20","240.32M","-0.16%"
"06/21/2022","11,546.76","11,446.99","11,638.47","11,446.99","277.58M","2.49%"
"06/17/2022","11,265.99","11,172.65","11,357.97","11,089.93","648.78M","1.24%"
"06/16/2022","11,127.57","11,286.87","11,311.05","11,037.21","326.71M","-4.02%"
"06/15/2022","11,593.77","11,468.13","11,751.30","11,346.54","285.50M","2.49%"
"06/14/2022","11,311.69","11,385.18","11,418.22","11,205.92","240.09M","0.21%"
"06/13/2022","11,288.32","11,472.19","11,568.65","11,254.18","341.06M","-4.60%"
"06/10/2022","11,832.82","12,052.59","12,082.69","11,825.35","283.02M","-3.56%"
"06/09/2022","12,269.78","12,543.37","12,666.41","12,265.86","224.67M","-2.74%"
"06/08/2022","12,615.13","12,682.81","12,776.65","12,578.55","196.52M","-0.76%"
"06/07/2022","12,711.67","12,456.49","12,737.30","12,413.56","191.80M","0.89%"
"06/06/2022","12,599.63","12,745.89","12,804.46","12,534.58","199.82M","0.41%"
"06/03/2022","12,548.02","12,650.39","12,724.81","12,505.76","218.94M","-2.67%"
"06/02/2022","12,892.89","12,498.63","12,897.63","12,447.77","237.93M","2.75%"
"06/01/2022","12,548.36","12,750.31","12,820.47","12,457.91","207.11M","-0.74%"
"05/31/2022","12,642.10","12,688.95","12,762.84","12,482.33","418.67M","-0.31%"
"05/27/2022","12,681.42","12,421.80","12,682.58","12,405.29","247.78M","3.30%"
"05/26/2022","12,276.79","11,906.83","12,337.73","11,901.87","253.12M","2.79%"
"05/25/2022","11,943.93","11,732.45","12,028.89","11,714.27","226.97M","1.48%"
"05/24/2022","11,769.84","11,807.78","11,842.81","11,576.11","232.10M","-2.20%"
"05/23/2022","12,034.28","11,867.08","12,047.81","11,785.76","224.19M","1.68%"
"05/20/2022","11,835.62","12,037.03","12,044.70","11,492.29","310.72M","-0.34%"
"05/19/2022","11,875.63","11,872.56","12,066.85","11,795.79","275.82M","-0.44%"
"05/18/2022","11,928.31","12,352.92","12,389.96","11,887.00","280.61M","-5.06%"
"05/17/2022","12,564.10","12,496.63","12,572.99","12,333.99","234.46M","2.62%"
"05/16/2022","12,243.58","12,297.07","12,395.51","12,196.21","198.36M","-1.16%"
"05/13/2022","12,387.40","12,125.93","12,429.28","12,069.13","269.06M","3.70%"
"05/12/2022","11,945.50","11,790.13","12,128.73","11,692.12","324.80M","-0.18%"
"05/11/2022","11,967.56","12,240.21","12,470.89","11,939.09","301.24M","-3.06%"
"05/10/2022","12,345.86","12,496.84","12,537.89","12,173.47","303.31M","1.30%"
"05/09/2022","12,187.72","12,465.91","12,542.32","12,136.19","320.51M","-3.98%"
"05/06/2022","12,693.53","12,776.86","12,926.58","12,522.77","275.35M","-1.22%"
"05/05/2022","12,850.55","13,344.79","13,344.79","12,710.59","327.49M","-5.06%"
"05/04/2022","13,535.71","13,110.30","13,556.67","12,887.53","287.02M","3.41%"
"05/03/2022","13,089.90","13,045.35","13,178.74","12,982.70","209.20M","0.11%"
"05/02/2022","13,075.85","12,864.83","13,083.57","12,716.62","263.46M","1.72%"
"04/29/2022","12,854.80","13,274.94","13,428.53","12,835.48","319.45M","-4.47%"
"04/28/2022","13,456.06","13,254.96","13,542.56","13,038.17","282.58M","3.48%"
"04/27/2022","13,003.36","13,009.40","13,241.94","12,936.41","256.81M","-0.05%"
"04/26/2022","13,009.71","13,447.66","13,447.66","13,009.65","263.14M","-3.87%"
"04/25/2022","13,533.22","13,275.41","13,541.77","13,239.73","247.87M","1.32%"
"04/22/2022","13,356.87","13,714.63","13,769.40","13,342.79","247.88M","-2.65%"
"04/21/2022","13,720.45","14,174.92","14,277.21","13,682.68","231.64M","-1.99%"
"04/20/2022","13,998.53","14,246.20","14,263.61","13,962.86","217.57M","-1.49%"
"04/19/2022","14,210.26","13,882.75","14,236.51","13,844.74","187.17M","2.15%"
"04/18/2022","13,910.76","13,859.47","13,997.92","13,788.96","172.21M","0.13%"
"04/14/2022","13,893.22","14,225.47","14,235.39","13,884.82","223.06M","-2.28%"
"04/13/2022","14,217.29","13,939.61","14,258.81","13,919.48","189.62M","1.99%"
"04/12/2022","13,940.24","14,175.66","14,264.74","13,882.75","193.95M","-0.36%"
"04/11/2022","13,990.20","14,149.60","14,187.67","13,979.14","211.62M","-2.35%"
"04/08/2022","14,327.26","14,450.53","14,490.19","14,307.68","185.19M","-1.41%"
"04/07/2022","14,531.81","14,469.50","14,624.24","14,315.69","197.28M","0.23%"
"04/06/2022","14,498.89","14,600.30","14,639.35","14,395.40","240.71M","-2.17%"
"04/05/2022","14,820.64","15,109.27","15,120.67","14,782.57","209.49M","-2.24%"
"04/04/2022","15,159.58","14,903.38","15,161.89","14,884.57","206.00M","2.01%"
"04/01/2022","14,861.21","14,886.91","14,925.93","14,723.83","215.30M","0.15%"
"03/31/2022","14,838.49","15,074.24","15,088.38","14,835.16","282.14M","-1.55%"
"03/30/2022","15,071.55","15,177.15","15,229.01","15,010.34","206.58M","-1.10%"
"03/29/2022","15,239.32","15,142.93","15,265.42","15,039.61","220.57M","1.68%"
"03/28/2022","14,987.40","14,763.16","14,989.08","14,705.92","193.74M","1.58%"
"03/25/2022","14,754.31","14,766.90","14,805.88","14,577.59","186.56M","-0.08%"
"03/24/2022","14,765.69","14,529.72","14,767.73","14,440.67","221.27M","2.20%"
"03/23/2022","14,447.55","14,525.22","14,681.33","14,446.04","226.97M","-1.41%"
"03/22/2022","14,654.33","14,396.03","14,688.97","14,385.55","234.86M","1.94%"
"03/21/2022","14,376.09","14,377.15","14,470.68","14,190.53","246.17M","-0.31%"
"03/18/2022","14,420.08","14,061.29","14,427.47","14,014.43","566.58M","2.14%"
"03/17/2022","14,118.60","13,878.99","14,125.67","13,827.34","232.03M","1.16%"
"03/16/2022","13,956.78","13,633.12","13,960.25","13,475.09","333.55M","3.70%"
"03/15/2022","13,458.56","13,174.97","13,488.18","13,092.45","287.73M","3.16%"
"03/14/2022","13,046.64","13,248.09","13,386.67","13,020.40","273.08M","-1.92%"
"03/11/2022","13,301.83","13,701.80","13,714.44","13,285.19","238.44M","-2.13%"
"03/10/2022","13,591.00","13,577.84","13,633.69","13,399.46","234.12M","-1.10%"
"03/09/2022","13,742.20","13,610.48","13,793.11","13,504.48","261.57M","3.58%"
"03/08/2022","13,267.60","13,275.23","13,663.27","13,129.40","308.91M","-0.39%"
"03/07/2022","13,319.38","13,853.53","13,879.10","13,314.44","304.72M","-3.75%"
"03/04/2022","13,837.83","13,957.60","13,992.97","13,738.61","244.70M","-1.41%"
"03/03/2022","14,035.21","14,339.70","14,342.56","13,965.11","230.88M","-1.46%"
"03/02/2022","14,243.69","14,075.11","14,292.72","13,962.69","233.56M","1.70%"
"03/01/2022","14,005.99","14,197.66","14,271.58","13,906.92","262.94M","-1.63%"
"02/28/2022","14,237.81","14,058.61","14,296.60","14,009.36","309.03M","0.34%"
"02/25/2022","14,189.16","13,973.90","14,193.00","13,850.29","241.78M","1.53%"
"02/24/2022","13,974.67","13,065.44","13,989.10","13,065.44","377.16M","3.44%"
"02/23/2022","13,509.43","14,016.94","14,035.93","13,502.58","256.46M","-2.60%"
"02/22/2022","13,870.53","13,892.81","14,109.26","13,720.92","258.34M","-0.99%"
"02/18/2022","14,009.54","14,207.55","14,225.72","13,918.76","266.12M","-1.14%"
"02/17/2022","14,171.74","14,485.08","14,497.46","14,155.43","226.16M","-2.96%"
"02/16/2022","14,603.64","14,514.84","14,647.79","14,399.29","194.98M","-0.12%"
"02/15/2022","14,620.82","14,482.11","14,624.53","14,444.46","222.14M","2.47%"
"02/14/2022","14,268.59","14,233.40","14,400.78","14,119.73","249.43M","0.10%"
"02/11/2022","14,253.84","14,739.46","14,769.64","14,194.54","289.87M","-3.07%"
"02/10/2022","14,705.64","14,770.67","15,037.26","14,636.61","259.08M","-2.33%"
"02/09/2022","15,056.96","14,930.99","15,057.90","14,870.36","220.30M","2.10%"
"02/08/2022","14,747.03","14,533.25","14,785.22","14,485.78","211.61M","1.21%"
"02/07/2022","14,571.25","14,716.43","14,813.86","14,524.63","203.27M","-0.84%"
"02/04/2022","14,694.35","14,566.28","14,832.05","14,452.28","238.70M","1.33%"
"02/03/2022","14,501.11","14,693.85","14,856.51","14,471.19","310.21M","-4.22%"
"02/02/2022","15,139.74","15,173.03","15,196.40","14,960.85","297.73M","0.80%"
"02/01/2022","15,019.68","14,966.60","15,034.42","14,749.49","234.44M","0.60%"
"01/31/2022","14,930.05","14,505.07","14,934.52","14,442.88","311.40M","3.29%"
"01/28/2022","14,454.61","14,091.32","14,457.78","13,880.48","292.47M","3.22%"
"01/27/2022","14,003.11","14,346.46","14,419.45","13,972.88","291.78M","-1.20%"
"01/26/2022","14,172.76","14,492.52","14,646.54","14,006.40","310.91M","0.17%"
"01/25/2022","14,149.12","14,237.60","14,410.43","14,033.81","283.30M","-2.48%"
"01/24/2022","14,509.58","14,160.91","14,532.57","13,724.85","425.47M","0.49%"
"01/21/2022","14,438.40","14,728.66","14,868.45","14,432.64","388.09M","-2.75%"
"01/20/2022","14,846.46","15,176.38","15,347.62","14,832.69","246.53M","-1.34%"
"01/19/2022","15,047.84","15,287.25","15,382.00","15,038.43","228.59M","-1.07%"
"01/18/2022","15,210.76","15,378.06","15,446.30","15,182.96","284.38M","-2.57%"
"01/14/2022","15,611.59","15,396.47","15,617.18","15,396.47","214.94M","0.75%"
"01/13/2022","15,495.62","15,970.09","15,990.38","15,468.09","220.05M","-2.57%"
"01/12/2022","15,905.10","15,955.48","16,017.39","15,815.94","192.30M","0.38%"
"01/11/2022","15,844.12","15,582.72","15,848.56","15,496.91","214.96M","1.47%"
"01/10/2022","15,614.43","15,383.18","15,627.92","15,165.53","281.70M","0.14%"
"01/07/2022","15,592.19","15,774.13","15,835.00","15,526.80","212.83M","-1.10%"
"01/06/2022","15,765.36","15,675.22","15,900.60","15,608.57","229.89M","-0.04%"
"01/05/2022","15,771.77","16,190.55","16,249.23","15,763.84","257.52M","-3.12%"
"01/04/2022","16,279.73","16,513.87","16,513.87","16,151.91","241.07M","-1.35%"
"01/03/2022","16,501.77","16,395.51","16,504.13","16,306.64","199.76M","1.11%"
"12/31/2021","16,320.08","16,411.26","16,464.62","16,317.26","144.78M","-0.66%"
"12/30/2021","16,429.10","16,485.40","16,569.62","16,415.12","125.58M","-0.38%"
"12/29/2021","16,491.01","16,510.63","16,548.92","16,396.16","133.19M","0.01%"
"12/28/2021","16,488.66","16,602.92","16,607.19","16,458.49","136.37M","-0.48%"
"12/27/2021","16,567.50","16,361.07","16,567.64","16,361.07","154.76M","1.59%"
"12/23/2021","16,308.21","16,203.76","16,360.75","16,188.02","164.32M","0.79%"
"12/22/2021","16,180.14","15,963.54","16,186.25","15,947.56","166.35M","1.21%"
"12/21/2021","15,986.28","15,794.38","15,997.61","15,617.48","210.02M","2.29%"
"12/20/2021","15,627.64","15,566.83","15,662.61","15,508.74","212.52M","-1.10%"
"12/17/2021","15,801.46","15,714.54","15,960.25","15,664.10","606.09M","-0.39%"
"12/16/2021","15,863.94","16,335.03","16,340.53","15,802.64","267.11M","-2.61%"
"12/15/2021","16,289.59","15,908.45","16,301.27","15,746.94","249.17M","2.35%"
"12/14/2021","15,914.90","15,877.65","15,995.21","15,742.80","238.21M","-1.04%"
"12/13/2021","16,082.55","16,317.90","16,332.63","16,075.54","224.94M","-1.53%"
"12/10/2021","16,331.98","16,278.30","16,339.12","16,139.00","206.17M","1.13%"
"12/09/2021","16,149.57","16,337.81","16,413.28","16,141.39","189.74M","-1.49%"
"12/08/2021","16,394.34","16,313.88","16,401.10","16,250.39","208.05M","0.42%"
"12/07/2021","16,325.66","16,139.56","16,343.67","16,128.44","261.97M","3.03%"
"12/06/2021","15,846.16","15,744.91","15,898.59","15,557.78","244.53M","0.85%"
"12/03/2021","15,712.04","16,039.41","16,089.61","15,543.31","287.69M","-1.74%"
"12/02/2021","15,990.76","15,791.30","16,066.32","15,770.92","252.10M","0.71%"
"12/01/2021","15,877.72","16,347.96","16,427.19","15,864.00","253.55M","-1.60%"
"11/30/2021","16,135.92","16,333.95","16,454.56","16,073.76","412.49M","-1.61%"
"11/29/2021","16,399.24","16,263.43","16,437.16","16,214.56","222.80M","2.33%"
"11/26/2021","16,025.58","16,237.42","16,302.58","15,988.95","188.04M","-2.09%"
"11/24/2021","16,367.81","16,202.26","16,370.56","16,106.02","173.02M","0.37%"
"11/23/2021","16,306.72","16,330.18","16,417.50","16,121.69","213.56M","-0.45%"
"11/22/2021","16,380.98","16,644.77","16,764.85","16,374.78","240.38M","-1.16%"
"11/19/2021","16,573.34","16,558.56","16,625.86","16,523.83","230.31M","0.55%"
"11/18/2021","16,482.97","16,398.76","16,501.92","16,309.51","225.12M","1.07%"
"11/17/2021","16,308.07","16,329.07","16,398.95","16,276.77","184.41M","-0.01%"
"11/16/2021","16,309.77","16,170.29","16,329.50","16,156.69","181.24M","0.75%"
"11/15/2021","16,189.11","16,227.01","16,256.73","16,096.37","164.95M","-0.07%"
"11/12/2021","16,199.89","16,078.13","16,218.55","16,012.78","154.83M","1.04%"
"11/11/2021","16,032.47","16,114.05","16,116.25","16,019.39","144.38M","0.29%"
"11/10/2021","15,985.57","16,087.01","16,224.51","15,905.28","192.32M","-1.44%"
"11/09/2021","16,219.93","16,389.99","16,401.89","16,168.63","202.59M","-0.71%"
"11/08/2021","16,336.03","16,351.49","16,401.93","16,314.00","194.10M","-0.14%"
"11/05/2021","16,359.38","16,397.59","16,454.48","16,302.06","223.01M","0.08%"
"11/04/2021","16,346.24","16,193.22","16,387.95","16,169.56","226.44M","1.25%"
"11/03/2021","16,144.50","16,000.60","16,157.60","15,950.59","177.49M","1.08%"
"11/02/2021","15,972.49","15,885.34","15,988.33","15,877.27","175.57M","0.42%"
"11/01/2021","15,905.28","15,879.61","15,910.35","15,785.31","177.72M","0.35%"
"10/29/2021","15,850.47","15,638.74","15,856.90","15,638.74","210.86M","0.46%"
"10/28/2021","15,778.16","15,674.39","15,784.00","15,650.01","186.65M","1.15%"
"10/27/2021","15,598.39","15,603.16","15,729.75","15,578.68","197.76M","0.25%"
"10/26/2021","15,559.49","15,615.36","15,710.79","15,518.59","196.06M","0.29%"
"10/25/2021","15,514.19","15,417.25","15,555.65","15,338.49","172.55M","1.04%"
"10/22/2021","15,355.07","15,422.07","15,474.28","15,291.95","174.01M","-0.87%"
"10/21/2021","15,489.59","15,365.81","15,497.58","15,350.50","155.34M","0.66%"
"10/20/2021","15,388.71","15,448.00","15,457.11","15,333.43","139.67M","-0.14%"
"10/19/2021","15,410.72","15,349.45","15,414.97","15,320.62","140.10M","0.72%"
"10/18/2021","15,300.89","15,091.58","15,307.51","15,074.71","157.54M","1.02%"
"10/15/2021","15,146.92","15,106.97","15,150.14","15,064.59","201.85M","0.63%"
"10/14/2021","15,052.42","14,925.58","15,059.89","14,901.59","171.55M","1.88%"
"10/13/2021","14,774.60","14,751.80","14,800.83","14,676.58","162.40M","0.77%"
"10/12/2021","14,662.11","14,772.29","14,784.78","14,636.33","175.53M","-0.35%"
"10/11/2021","14,713.73","14,765.69","14,907.57","14,709.05","131.29M","-0.72%"
"10/08/2021","14,820.75","14,942.35","14,948.35","14,805.50","142.85M","-0.51%"
"10/07/2021","14,897.13","14,899.07","15,010.32","14,878.22","168.65M","0.88%"
"10/06/2021","14,766.75","14,529.89","14,775.64","14,499.48","174.39M","0.63%"
"10/05/2021","14,674.15","14,533.43","14,763.64","14,520.23","177.49M","1.40%"
"10/04/2021","14,472.12","14,713.60","14,727.60","14,384.93","223.38M","-2.16%"
"10/01/2021","14,791.87","14,731.38","14,830.84","14,555.12","192.23M","0.70%"
"09/30/2021","14,689.62","14,830.30","14,888.22","14,684.55","203.20M","-0.43%"
"09/29/2021","14,752.89","14,835.51","14,914.92","14,727.41","182.14M","-0.12%"
"09/28/2021","14,770.30","15,001.98","15,040.57","14,758.98","241.47M","-2.86%"
"09/27/2021","15,204.83","15,205.23","15,240.58","15,106.45","154.50M","-0.81%"
"09/24/2021","15,329.68","15,222.97","15,345.54","15,209.16","129.34M","0.09%"
"09/23/2021","15,316.58","15,231.19","15,356.92","15,199.43","144.60M","0.92%"
"09/22/2021","15,176.51","15,073.95","15,230.34","15,029.90","171.16M","0.99%"
"09/21/2021","15,027.77","15,096.98","15,139.90","14,986.98","153.29M","0.10%"
"09/20/2021","15,012.18","15,068.65","15,157.26","14,821.03","229.84M","-2.10%"
"09/17/2021","15,333.47","15,481.43","15,485.21","15,291.04","453.63M","-1.18%"
"09/16/2021","15,515.91","15,452.67","15,539.14","15,370.88","157.64M","0.08%"
"09/15/2021","15,503.53","15,419.95","15,518.95","15,316.40","193.25M","0.78%"
"09/14/2021","15,382.90","15,505.78","15,525.97","15,352.06","171.39M","-0.33%"
"09/13/2021","15,434.50","15,545.66","15,562.28","15,351.70","174.43M","-0.04%"
"09/10/2021","15,440.75","15,648.05","15,673.50","15,433.43","172.65M","-0.77%"
"09/09/2021","15,561.05","15,639.44","15,675.46","15,556.74","140.37M","-0.38%"
"09/08/2021","15,620.85","15,669.01","15,669.01","15,528.45","151.55M","-0.35%"
"09/07/2021","15,675.76","15,662.30","15,701.40","15,610.23","162.99M","0.15%"
"09/03/2021","15,652.86","15,578.96","15,668.12","15,554.97","129.04M","0.31%"
"09/02/2021","15,604.25","15,656.28","15,681.75","15,554.29","142.46M","-0.05%"
"09/01/2021","15,611.57","15,637.13","15,696.42","15,603.67","157.20M","0.19%"
"08/31/2021","15,582.51","15,601.34","15,604.45","15,522.78","224.25M","-0.14%"
"08/30/2021","15,605.09","15,460.93","15,620.62","15,459.74","144.22M","1.12%"
"08/27/2021","15,432.95","15,305.75","15,447.03","15,292.74","153.36M","1.01%"
"08/26/2021","15,278.52","15,348.98","15,369.28","15,265.23","136.20M","-0.59%"
"08/25/2021","15,368.92","15,384.83","15,404.36","15,341.92","174.49M","0.07%"
"08/24/2021","15,357.68","15,338.92","15,384.42","15,319.55","147.83M","0.29%"
"08/23/2021","15,312.82","15,140.14","15,341.47","15,140.14","164.19M","1.46%"
"08/20/2021","15,092.57","14,974.06","15,103.94","14,968.87","176.44M","1.06%"
"08/19/2021","14,933.93","14,773.19","15,000.19","14,773.19","186.79M","0.51%"
"08/18/2021","14,857.92","14,975.02","15,039.90","14,846.51","152.36M","-0.97%"
"08/17/2021","15,002.83","15,018.94","15,062.70","14,906.22","159.61M","-0.91%"
"08/16/2021","15,140.77","15,090.05","15,142.03","14,931.15","157.03M","0.03%"
"08/13/2021","15,136.68","15,101.84","15,150.48","15,079.30","126.45M","0.32%"
"08/12/2021","15,088.98","15,012.60","15,097.91","14,956.25","150.50M","0.41%"
"08/11/2021","15,027.76","15,101.82","15,127.78","14,972.60","152.59M","-0.17%"
"08/10/2021","15,053.58","15,157.37","15,169.45","15,010.16","150.54M","-0.53%"
"08/09/2021","15,133.11","15,136.14","15,154.68","15,081.75","138.30M","0.16%"
"08/06/2021","15,109.36","15,125.74","15,162.34","15,063.02","153.25M","-0.48%"
"08/05/2021","15,181.64","15,105.40","15,184.27","15,083.83","152.62M","0.65%"
"08/04/2021","15,083.39","15,059.17","15,117.38","15,017.14","193.18M","0.15%"
"08/03/2021","15,061.42","14,997.20","15,063.66","14,864.53","166.87M","0.65%"
"08/02/2021","14,963.62","15,046.10","15,059.89","14,945.13","157.33M","0.02%"
"07/30/2021","14,959.90","14,882.39","14,990.86","14,882.39","189.00M","-0.59%"
"07/29/2021","15,048.36","15,015.30","15,091.96","15,004.42","177.41M","0.20%"
"07/28/2021","15,018.10","15,005.17","15,078.85","14,913.55","202.00M","0.41%"
"07/27/2021","14,956.97","15,103.01","15,107.74","14,787.80","220.40M","-1.12%"
"07/26/2021","15,125.95","15,088.28","15,142.35","15,048.23","168.93M","0.09%"
"07/23/2021","15,111.79","15,004.43","15,125.84","14,948.04","165.31M","1.15%"
"07/22/2021","14,940.17","14,865.47","14,941.38","14,865.47","138.61M","0.66%"
"07/21/2021","14,842.63","14,723.67","14,843.17","14,710.11","156.24M","0.78%"
"07/20/2021","14,728.21","14,601.33","14,790.60","14,530.78","276.12M","1.23%"
"07/19/2021","14,549.09","14,517.96","14,578.96","14,455.07","204.01M","-0.90%"
"07/16/2021","14,681.38","14,842.08","14,875.97","14,667.10","172.33M","-0.77%"
"07/15/2021","14,794.69","14,903.49","14,907.51","14,717.55","163.32M","-0.71%"
"07/14/2021","14,900.44","14,984.86","15,001.13","14,871.73","156.74M","0.17%"
"07/13/2021","14,874.54","14,871.04","15,002.28","14,843.80","134.41M","-0.02%"
"07/12/2021","14,877.89","14,878.71","14,899.46","14,813.79","135.33M","0.35%"
"07/09/2021","14,826.09","14,709.33","14,838.72","14,685.54","158.93M","0.71%"
"07/08/2021","14,722.14","14,577.67","14,763.67","14,551.76","178.03M","-0.60%"
"07/07/2021","14,810.53","14,889.76","14,891.19","14,735.75","151.62M","0.16%"
"07/06/2021","14,786.36","14,755.15","14,797.45","14,635.31","167.10M","0.40%"
"07/02/2021","14,727.63","14,633.51","14,738.14","14,626.82","140.17M","1.15%"
"07/01/2021","14,560.05","14,530.63","14,576.64","14,483.42","151.35M","0.04%"
"06/30/2021","14,554.80","14,560.07","14,582.30","14,530.87","174.74M","-0.12%"
"06/29/2021","14,572.75","14,523.63","14,575.19","14,481.84","139.36M","0.33%"
"06/28/2021","14,524.98","14,401.63","14,530.07","14,400.59","152.05M","1.25%"
"06/25/2021","14,345.18","14,396.63","14,401.71","14,324.26","248.91M","-0.14%"
"06/24/2021","14,365.96","14,358.30","14,429.14","14,337.65","146.08M","0.64%"
"06/23/2021","14,274.24","14,275.09","14,324.74","14,247.58","132.78M","0.03%"
"06/22/2021","14,270.42","14,140.30","14,288.49","14,128.01","149.36M","0.94%"
"06/21/2021","14,137.23","14,055.03","14,150.91","13,967.89","159.46M","0.62%"
"06/18/2021","14,049.58","14,125.12","14,140.61","14,024.60","403.49M","-0.81%"
"06/17/2021","14,163.81","13,946.70","14,205.43","13,946.52","190.93M","1.29%"
"06/16/2021","13,983.01","14,053.12","14,100.11","13,843.60","170.77M","-0.34%"
"06/15/2021","14,030.41","14,120.81","14,126.25","14,008.93","139.28M","-0.69%"
"06/14/2021","14,128.20","14,002.14","14,129.33","13,963.94","152.38M","0.93%"
"06/11/2021","13,998.30","13,959.47","13,998.65","13,934.00","138.26M","0.27%"
"06/10/2021","13,960.35","13,834.26","13,962.99","13,817.83","161.47M","1.05%"
"06/09/2021","13,814.94","13,865.51","13,900.71","13,811.05","142.01M","0.03%"
"06/08/2021","13,810.86","13,873.46","13,913.40","13,746.42","171.52M","0.06%"
"06/07/2021","13,802.89","13,744.15","13,808.42","13,710.11","158.49M","0.23%"
"06/04/2021","13,770.77","13,619.79","13,784.77","13,613.58","148.48M","1.78%"
"06/03/2021","13,529.68","13,568.91","13,608.54","13,469.85","157.94M","-1.07%"
"06/02/2021","13,675.79","13,655.71","13,712.68","13,610.16","151.45M","0.16%"
"06/01/2021","13,654.59","13,764.27","13,773.45","13,602.12","157.44M","-0.23%"
"05/28/2021","13,686.51","13,717.00","13,765.80","13,684.83","164.33M","0.21%"
"05/27/2021","13,657.85","13,686.86","13,724.76","13,652.13","307.94M","-0.33%"
"05/26/2021","13,702.74","13,687.71","13,726.06","13,661.06","153.51M","0.33%"
"05/25/2021","13,657.73","13,701.30","13,734.41","13,614.54","154.43M","0.12%"
"05/24/2021","13,641.75","13,504.39","13,687.60","13,500.12","154.55M","1.71%"
"05/21/2021","13,411.74","13,573.22","13,573.84","13,401.53","173.17M","-0.61%"
"05/20/2021","13,494.09","13,294.59","13,526.01","13,293.10","185.10M","1.94%"
"05/19/2021","13,237.91","12,998.53","13,243.98","12,994.35","201.19M","0.15%"
"05/18/2021","13,217.68","13,352.26","13,400.52","13,212.85","160.78M","-0.72%"
"05/17/2021","13,312.91","13,329.86","13,350.14","13,196.57","159.03M","-0.60%"
"05/14/2021","13,393.11","13,238.99","13,430.00","13,220.18","175.04M","2.17%"
"05/13/2021","13,109.15","13,133.73","13,226.64","13,006.77","195.42M","0.83%"
"05/12/2021","13,001.63","13,155.07","13,236.89","12,967.18","219.84M","-2.62%"
"05/11/2021","13,351.27","13,102.64","13,381.66","13,094.76","207.66M","-0.06%"
"05/10/2021","13,359.08","13,647.73","13,648.49","13,358.62","217.49M","-2.63%"
"05/07/2021","13,719.63","13,715.56","13,814.66","13,669.78","171.70M","0.78%"
"05/06/2021","13,613.73","13,490.94","13,617.33","13,403.46","192.04M","0.82%"
"05/05/2021","13,503.37","13,649.12","13,676.86","13,478.58","180.30M","-0.30%"
"05/04/2021","13,544.67","13,680.63","13,705.38","13,396.11","221.33M","-1.85%"
"05/03/2021","13,799.72","13,923.04","13,955.00","13,784.66","166.87M","-0.44%"
"04/30/2021","13,860.76","13,857.79","13,969.20","13,838.82","211.03M","-0.78%"
"04/29/2021","13,970.20","14,063.94","14,073.48","13,836.10","197.09M","0.49%"
"04/28/2021","13,901.62","13,953.61","13,992.08","13,895.15","199.19M","-0.42%"
"04/27/2021","13,960.28","14,048.13","14,048.34","13,931.18","168.17M","-0.47%"
"04/26/2021","14,026.16","13,954.94","14,039.40","13,919.93","161.38M","0.61%"
"04/23/2021","13,941.44","13,794.49","13,989.43","13,789.45","172.09M","1.30%"
"04/22/2021","13,762.36","13,920.88","13,954.03","13,716.76","172.74M","-1.24%"
"04/21/2021","13,935.15","13,768.92","13,939.70","13,717.44","166.85M","0.91%"
"04/20/2021","13,809.30","13,891.96","13,934.89","13,730.59","161.46M","-0.71%"
"04/19/2021","13,907.67","13,970.83","14,025.64","13,835.75","177.42M","-0.96%"
"04/16/2021","14,041.91","14,035.96","14,050.38","13,966.54","194.73M","0.11%"
"04/15/2021","14,026.19","13,934.87","14,040.11","13,931.01","177.92M","1.61%"
"04/14/2021","13,803.91","13,988.86","13,990.54","13,782.17","161.34M","-1.31%"
"04/13/2021","13,986.49","13,874.58","14,002.53","13,874.58","164.97M","1.21%"
"04/12/2021","13,819.35","13,792.74","13,839.39","13,747.63","178.22M","-0.19%"
"04/09/2021","13,845.06","13,709.67","13,849.31","13,674.92","160.65M","0.63%"
"04/08/2021","13,758.50","13,730.73","13,763.18","13,703.51","163.89M","1.04%"
"04/07/2021","13,616.70","13,553.90","13,648.80","13,532.63","144.11M","0.28%"
"04/06/2021","13,578.46","13,567.20","13,660.29","13,551.60","163.84M","-0.14%"
"04/05/2021","13,598.16","13,434.04","13,623.60","13,420.81","178.50M","2.02%"
"04/01/2021","13,329.51","13,268.88","13,333.41","13,255.82","187.35M","1.82%"
"03/31/2021","13,091.44","12,970.33","13,167.06","12,966.65","247.92M","1.51%"
"03/30/2021","12,896.53","12,904.01","12,929.46","12,798.03","172.81M","-0.53%"
"03/29/2021","12,965.74","12,950.51","13,013.48","12,836.60","199.25M","-0.10%"
"03/26/2021","12,979.12","12,777.27","12,992.30","12,721.66","253.00M","1.55%"
"03/25/2021","12,780.51","12,707.58","12,845.66","12,627.92","216.99M","-0.14%"
"03/24/2021","12,798.88","13,072.82","13,077.49","12,797.84","208.06M","-1.68%"
"03/23/2021","13,017.79","13,127.17","13,180.66","12,993.50","203.45M","-0.53%"
"03/22/2021","13,086.51","12,943.14","13,167.46","12,943.14","209.33M","1.71%"
"03/19/2021","12,866.99","12,792.67","12,906.02","12,704.07","575.60M","0.61%"
"03/18/2021","12,789.14","13,006.29","13,040.36","12,781.53","226.02M","-3.13%"
"03/17/2021","13,202.38","13,024.83","13,280.29","12,950.08","220.85M","0.38%"
"03/16/2021","13,152.28","13,156.65","13,297.48","13,091.78","186.93M","0.53%"
"03/15/2021","13,082.54","12,936.13","13,085.01","12,885.64","180.21M","1.12%"
"03/12/2021","12,937.29","12,873.39","12,943.58","12,778.12","184.56M","-0.89%"
"03/11/2021","13,052.90","12,960.53","13,117.86","12,920.00","211.63M","2.36%"
"03/10/2021","12,752.07","12,950.25","12,979.38","12,726.85","214.22M","-0.33%"
"03/09/2021","12,794.49","12,635.45","12,868.52","12,592.83","252.07M","4.03%"
"03/08/2021","12,299.08","12,629.56","12,718.58","12,287.57","273.33M","-2.92%"
"03/05/2021","12,668.51","12,594.16","12,700.95","12,208.39","302.02M","1.64%"
"03/04/2021","12,464.00","12,655.92","12,799.08","12,314.16","307.81M","-1.73%"
"03/03/2021","12,683.33","13,020.10","13,057.29","12,679.89","230.65M","-2.88%"
"03/02/2021","13,059.95","13,297.76","13,301.62","13,052.12","195.31M","-1.68%"
"03/01/2021","13,282.95","13,106.02","13,293.78","13,051.70","207.57M","2.89%"
"02/26/2021","12,909.44","12,958.97","13,090.36","12,764.34","312.55M","0.63%"
"02/25/2021","12,828.31","13,197.75","13,294.56","12,773.76","260.93M","-3.56%"
"02/24/2021","13,302.19","13,095.86","13,312.42","12,971.82","214.77M","0.81%"
"02/23/2021","13,194.71","12,982.36","13,259.85","12,758.12","261.29M","-0.22%"
"02/22/2021","13,223.74","13,414.04","13,447.37","13,220.77","215.67M","-2.63%"
"02/19/2021","13,580.78","13,686.23","13,701.69","13,545.45","193.94M","-0.42%"
"02/18/2021","13,637.51","13,556.01","13,669.94","13,477.17","169.46M","-0.45%"
"02/17/2021","13,699.71","13,636.15","13,713.14","13,552.67","163.37M","-0.54%"
"02/16/2021","13,773.77","13,841.03","13,879.77","13,726.77","168.06M","-0.25%"
"02/12/2021","13,807.70","13,695.90","13,816.25","13,656.78","137.79M","0.53%"
"02/11/2021","13,734.35","13,723.63","13,747.20","13,637.19","156.64M","0.58%"
"02/10/2021","13,655.27","13,751.42","13,770.91","13,531.93","175.91M","-0.23%"
"02/09/2021","13,687.08","13,667.14","13,741.79","13,664.70","151.60M","-0.06%"
"02/08/2021","13,695.02","13,672.33","13,698.41","13,607.96","181.11M","0.67%"
"02/05/2021","13,603.96","13,592.77","13,642.96","13,527.81","172.27M","0.32%"
"02/04/2021","13,560.89","13,454.85","13,563.13","13,406.44","195.08M","1.18%"
"02/03/2021","13,402.37","13,555.03","13,561.45","13,400.08","181.61M","-0.40%"
"02/02/2021","13,456.12","13,371.36","13,501.23","13,363.75","191.13M","1.56%"
"02/01/2021","13,248.90","13,067.65","13,280.22","12,983.10","199.89M","2.50%"
"01/29/2021","12,925.38","13,124.70","13,167.87","12,845.43","285.52M","-2.09%"
"01/28/2021","13,201.53","13,163.32","13,401.85","13,150.10","259.13M","0.68%"
"01/27/2021","13,112.65","13,371.16","13,393.51","13,034.14","332.77M","-2.80%"
"01/26/2021","13,490.19","13,507.47","13,536.30","13,440.32","183.91M","0.05%"
"01/25/2021","13,483.29","13,515.63","13,563.70","13,205.59","221.64M","0.87%"
"01/22/2021","13,366.40","13,356.18","13,404.77","13,336.90","185.53M","-0.29%"
"01/21/2021","13,404.99","13,356.70","13,433.69","13,297.79","195.49M","0.82%"
"01/20/2021","13,296.45","13,155.11","13,332.26","13,138.31","209.51M","2.31%"
"01/19/2021","12,996.54","12,921.61","13,012.09","12,861.30","208.17M","1.50%"
"01/15/2021","12,803.93","12,898.09","12,941.29","12,758.10","244.67M","-0.73%"
"01/14/2021","12,898.69","13,010.94","13,037.05","12,886.16","198.57M","-0.58%"
"01/13/2021","12,973.63","12,911.87","13,008.84","12,878.02","207.31M","0.63%"
"01/12/2021","12,892.09","12,916.10","12,957.43","12,783.71","184.51M","-0.08%"
"01/11/2021","12,902.49","12,961.50","13,023.22","12,883.59","196.99M","-1.55%"
"01/08/2021","13,105.20","13,037.24","13,113.09","12,939.73","220.39M","1.28%"
"01/07/2021","12,939.57","12,745.41","12,966.68","12,744.82","215.74M","2.51%"
"01/06/2021","12,623.35","12,601.26","12,803.29","12,569.42","243.87M","-1.40%"
"01/05/2021","12,802.38","12,663.13","12,809.67","12,663.13","175.19M","0.85%"
"01/04/2021","12,694.67","12,950.22","12,950.22","12,537.42","242.64M","-1.50%"
"12/31/2020","12,888.28","12,852.96","12,904.09","12,804.75","158.54M","0.33%"
"12/30/2020","12,845.36","12,900.03","12,917.45","12,828.79","136.77M","0.01%"
"12/29/2020","12,843.49","12,909.86","12,925.53","12,816.59","155.88M","0.04%"
"12/28/2020","12,838.86","12,813.97","12,861.91","12,747.05","144.84M","1.01%"
"12/24/2020","12,711.01","12,668.19","12,732.55","12,665.80","72.67M","0.46%"
"12/23/2020","12,653.14","12,733.75","12,737.59","12,649.60","145.40M","-0.51%"
"12/22/2020","12,717.56","12,715.48","12,761.23","12,606.42","176.87M","0.22%"
"12/21/2020","12,690.26","12,575.60","12,706.44","12,474.03","216.76M","-0.38%"
"12/18/2020","12,738.18","12,786.92","12,793.47","12,611.22","682.51M","-0.11%"
"12/17/2020","12,752.06","12,741.64","12,760.97","12,685.98","178.08M","0.66%"
"12/16/2020","12,668.16","12,607.87","12,698.11","12,568.71","184.13M","0.57%"
"12/15/2020","12,595.92","12,565.28","12,596.84","12,467.57","194.79M","1.07%"
"12/14/2020","12,462.21","12,427.86","12,544.31","12,426.25","206.34M","0.70%"
"12/11/2020","12,375.41","12,327.07","12,378.61","12,236.80","170.46M","-0.21%"
"12/10/2020","12,401.74","12,268.47","12,447.85","12,226.13","182.10M","0.30%"
"12/09/2020","12,364.64","12,626.97","12,643.24","12,311.30","227.70M","-2.15%"
"12/08/2020","12,635.72","12,574.84","12,651.35","12,504.97","168.73M","0.31%"
"12/07/2020","12,596.47","12,523.57","12,610.00","12,523.12","169.91M","0.54%"
"12/04/2020","12,528.48","12,479.91","12,531.21","12,450.51","168.42M","0.49%"
"12/03/2020","12,467.13","12,469.16","12,538.92","12,445.36","180.46M","0.09%"
"12/02/2020","12,456.41","12,390.58","12,472.25","12,318.27","176.96M","0.01%"
"12/01/2020","12,455.33","12,387.62","12,510.02","12,338.36","227.09M","1.52%"
"11/30/2020","12,268.32","12,278.78","12,299.61","12,090.93","354.41M","0.08%"
"11/27/2020","12,258.21","12,220.37","12,306.71","12,214.44","101.90M","0.87%"
"11/25/2020","12,152.22","12,112.11","12,174.99","12,081.51","164.42M","0.60%"
"11/24/2020","12,079.81","11,952.70","12,094.16","11,878.31","211.73M","1.46%"
"11/23/2020","11,905.94","11,959.89","12,001.83","11,817.53","189.11M","0.00%"
"11/20/2020","11,906.44","11,976.00","12,017.42","11,903.57","192.39M","-0.66%"
"11/19/2020","11,985.43","11,863.12","12,000.29","11,842.67","179.58M","0.76%"
"11/18/2020","11,894.71","11,963.36","12,027.15","11,892.54","200.78M","-0.69%"
"11/17/2020","11,977.49","12,030.27","12,047.13","11,964.20","194.30M","-0.30%"
"11/16/2020","12,013.39","11,925.36","12,035.50","11,891.85","213.93M","0.63%"
"11/13/2020","11,937.84","11,910.62","11,957.09","11,808.94","169.68M","0.94%"
"11/12/2020","11,827.14","11,924.15","11,976.89","11,786.09","181.21M","-0.55%"
"11/11/2020","11,892.93","11,734.82","11,904.13","11,714.32","186.65M","2.31%"
"11/10/2020","11,624.29","11,704.46","11,761.95","11,512.46","260.14M","-1.74%"
"11/09/2020","11,830.39","12,194.71","12,268.66","11,818.24","318.98M","-2.16%"
"11/06/2020","12,091.35","12,044.29","12,116.91","11,895.50","177.20M","0.11%"
"11/05/2020","12,078.07","12,021.77","12,117.04","11,977.07","210.41M","2.56%"
"11/04/2020","11,777.02","11,627.76","11,846.46","11,564.91","271.40M","4.41%"
"11/03/2020","11,279.91","11,155.84","11,356.08","11,115.55","193.87M","1.76%"
"11/02/2020","11,084.76","11,152.48","11,222.52","10,957.11","191.98M","0.29%"